store_id, x, yaxis,storetype, ,APPLES, BANANAS,GRAPESG,MELONCA,ORANGES,CARROTS,CELERY,GREENPE,LETTUCE,ONIONS,TOMATOES,POTATOES,ORANGES1,PEACHES,VEGETABL,MUSHROOM,SPAGHETT,TOMATOS,ORANGEJ,BROCCOLI,GREENBE,GREENPE1,FRENCHF,BREADW,BREADW1,HAMBURGE,ROLLSD,FRENCHO,BAGELS,BREADCR,READY_TO,READY_TO1,FLOURW,MACARONI,NOODLES,POPCORN,RICEWH,SPAGHETT1,MILK1_,MILKWH,CHEESE,CHEESE1,CHEESE2,EVAPORAT,BEEFGR,CHICKEN,CHICKEN1,TURKEY,PORKGR,TURKEY1,EGGSGR,FISHFL,TUNAFIS,BEANSG,BEANSK,BEANSB,MARGARIN,SHORTENI,SALADDR,VEGETABL1,SUGARB,SUGARP,SUGARW,JELLYG,MOLASSES,PANCAKE,CHOCOLAT,FRUITDR,FUDGESIC,BAKINGP,BAKINGS,CHILEPO,CINNAMON,CUMIN,ONIONPO,GARLICP,ITALIAN,OREGANO,PAPRIKA,BLACKPE,SALTAN,VANILLA,CHICKEN2,CATSUP,SOYSAUC,LEMONJU,GELATIN,CHOCOLAT1
1,-89.333087,30.308254,convience,80,1.59,0.69,0,1.33,4.99,0.89,1.99,1.29,2.49,2.99,1.99,0.99,1,1.76,0.6,1.19,1.54,0,1.9,2.19,1.89,1.89,3.59,1.19,1.89,1.29,1.29,2.29,2.19,1.39,2.69,2.79,2.69,1,1.69,1.79,4.19,1,4.49,4.49,4.99,2.49,5.49,0,3.99,5.43,1.99,1.3,0,3.99,2.79,0,1.5,0.89,0.6,1.79,1.39,4.19,4.39,3.49,2.19,2.19,2.99,3.29,0,2.99,2.59,2.5,3.5,0,0,2.79,2.19,3.19,3.29,6.39,2.99,2.89,3.19,1,0.99,10.99,2.49,2.39,1.79,2.49,1.09,3.29
2,-89.337488,30.319606,convience,0,0,0.704497,0,2.07733,2.61556,0,1.92022,2.624,1.48467,0,0,2.23867,1.13452,1.70406,0,0,2.05403,0,1.84281,0,0,0,0,1.942,2.522,1.962,0,0,0,2.0902,2.482,2.66337,2.36,0,1.569,0,3.05227,1.67334,4.714,4.174,3.9,0,4.79073,0,3.7464,3.02075,1.739,0,0,4.20428,0,0,1.316,0,0.91,0,1.404,0,0,3.862,1.472,0,2.642,0,0,2.802,0,2.768,0,0,0.807989,0,1.732,0,2.10673,0,2.25547,0,0,3.19411,0.924988,0,2.1698,1.664,1.942,2.51,0,2.822
3,-89.344478,30.317741,convience,0,1.65394,0.704556,2.49695,0,2.61556,0,1.92022,2.624,0,0,1.63463,2.23867,1.21957,1.70913,1.16229,0,2.14219,0,1.83199,0,2.186,0,0,1.942,0,1.962,2.082,0,0,2.0902,2.482,2.68118,2.36,1.34181,0,1.432,2.98169,1.67378,0,4.174,3.9,2.43564,4.79622,1.432,0,3.02075,1.739,0,0,4.20435,2.112,0,1.316,0,0,1.30673,1.404,4.08087,0,3.862,0,1.492,2.642,2.43444,0,0,2.6171,0,0,0,0.835549,0,0,2.73651,2.10673,2.602,0,2.40111,2.032,3.19501,0.949052,3.872,0,1.664,1.942,0,1.11722,0
4,-89.495973,30.238208,convience,0,1.5513,0,0,0,0,0,0,0,0,1.67743,1.70246,0,1.30791,1.79325,0,1.22018,2.26881,0,0,0,0,2.16875,0,2.40381,2.84178,2.62358,2.27133,2.57225,0,0,2.74495,2.84826,2.26376,1.41951,1.569,0,3.08638,0,4.65511,4.55582,0,0,0,1.25323,0,0,0,2.316,0,0,2.03347,5.803,1.5008,0,1.21271,0,0,3.50453,3.4305,0,1.626,0,3.1152,2.4553,0,0,0,2.82756,3.0616,0,0,0,1.50983,2.64852,0,0,2.088,0,2.3296,0,0.960943,4.03423,0,1.73418,1.74413,2.42271,0,2.90154
5,-89.349853,30.315707,grocery,0,1.184,0,1.83108,0,0,0,0,2.25874,1.76242,0.972503,2.09,0,0.953091,1.32033,0,0.754364,1.93217,0,1.69009,0,0,0,0,1.79894,2.6596,1.76867,0,1.897,2.245,1.39933,2.402,2.28902,1.98533,1.10367,1.26194,2.43951,2.34207,1.20717,3.5262,3.541,2.65751,0,3.55411,1.09945,0,2.4575,1.97486,0,0,2.9514,1.66323,0,0.882,0.818977,0.7844,1.52444,0,2.96705,2.46091,2.91133,0,1.46691,0,2.02333,0,2.01732,2.53356,0,2.511,0,0.756333,0.949641,1.13636,0,1.302,1.05423,0,1.73917,1.2218,1.17764,1.24405,1.74674,1.491,1.70831,1.50691,1.89778,1.25343,3.56883
6,-88.938541,30.398211,convience,0,0,0.68,0,1.934,0,0,0,2.176,0,1.726,0,0,1.234,1.98488,0,0.783494,2.12827,0.593845,0,0,1.558,0,0,2.482,2.782,2.272,0,0,0,0,3.302,3.50107,2.054,0,0,1.356,2.576,1.40207,3.742,3.802,0,0,0,0,2.936,0,1.782,0,0,2.96463,1.772,0,1.522,0,0,0,0,3.45321,3.542,3.742,1.534,1.684,0,2.74981,2.7925,2.4064,2.81739,2.092,0,0,0,0.64,0.648,2.76639,1.17,1.186,0.738,0,0,2.12057,1.48216,0,0,1.988,1.21,0,1.022,4.292
7,-88.878984,30.403171,convience,0,1.0989,0.641,0,0,0,1.89948,1.962,0,0,0,2.168,3.028,1.35689,2.00289,0,0,2.12827,0,0,1.58163,1.558,1.6,0,2.47,0,2.272,0,2.586,0,1.332,4.05,3.87972,2.098,1.446,1.628,1.482,0,1.37658,3.55,3.91,4.234,3.59092,0,1.272,0,0,0,0,0,0,1.618,0,1.522,0,0,0,1.266,3.56386,3.63,3.742,1.472,0,2.91,2.7656,0,2.2744,0,2.092,2.638,1.782,1.50309,0,0,0,0,2.106,0,1.57,1.944,2.12286,2.07106,3.521,0,2.386,1.174,0,1.022,0
8,-88.90278,30.403554,convience,0,1.11198,0.641,0,0,0,0,0,2.176,2.322,1.726,0,0,1.24864,1.98487,0,0,0,0,1.624,1.59276,1.558,1.6,1.94845,2.47,2.782,2.272,2.122,0,2.626,0,4.05,3.73559,0,1.446,0,0,0,0,3.55,3.91,4.006,0,2.61494,1.272,0,0,1.782,0,0,2.91477,0,5.274,1.522,1.0544,0.888,1.432,0,0,3.63,3.742,1.472,2.082,2.91,2.74988,0,2.2744,0,2.092,0,0,1.41027,0,0,0,1.17,1.258,0,1.862,0,2.12191,1.79464,2.302,0,2.386,1.216,0,1.022,0
9,-88.90765,30.401083,convience,0,0,0.641,0,1.934,0,0,2.022,0,0,0,0,2.768,1.23401,1.98488,0.592,0.784896,2.12827,0,0,1.59521,1.558,0,2.08757,2.47,2.782,0,0,0,0,1.332,4.05,3.70217,0,1.66,0,1.404,2.956,1.40215,3.742,3.91,4.006,3.38505,0,1.356,2.936,2.108,0,0,0,0,1.62,0,1.522,1.05442,0.888,1.432,0,0,3.63,3.742,1.534,0,2.91,2.74981,0,2.4064,2.82481,2.092,2.942,0,1.39118,0.64,0,2.73627,0,0,0.738,0,1.154,2.12174,1.7636,2.302,0,2.386,1.216,1.672,1.022,0
10,-88.933976,30.443829,convience,0,1.13493,0,0,0,0,0,0,0,2.322,1.726,0,0,1.234,1.98488,0,0,2.12827,0,0,1.6052,0,1.6,0,2.482,2.782,2.272,0,2.586,0,0,3.302,3.53152,2.054,1.66,0,0,2.576,0,3.742,3.802,0,0,0,0,2.936,0,1.782,2.448,0,2.9648,1.772,5.274,1.522,0,0.904,1.432,1.356,0,3.542,3.742,0,0,2.762,2.74981,0,2.4064,2.81816,0,0,0,1.28526,0,0,2.76721,0,1.186,0,0,0,2.12036,1.23862,1.418,1.268,1.988,1.21,1.672,0,4.292
11,-88.938555,30.442657,convience,0,0,0,0,0,0,1.81724,0,2.176,0,0,0,2.768,1.234,1.98488,0,0.783363,2.12827,0,0,1.60721,0,0,2.06806,2.482,2.782,0,0,2.586,0,1.212,3.302,3.50124,2.054,1.66,0,1.356,2.576,1.40155,3.742,3.802,3.836,0,2.61613,1.356,2.936,2.43,1.782,0,0,2.96478,1.772,0,1.522,0,0.904,1.432,1.356,0,3.542,3.742,0,0,2.762,2.74981,0,2.4064,0,2.092,0,0,1.27008,0.64,0.648,2.7717,1.17,1.186,0.738,1.81,0,2.12018,1.2155,1.418,1.268,1.988,1.21,1.672,1.022,4.292
12,-88.962806,30.402538,convience,0,1.20352,0,0,0,3.08,1.83602,0,0,2.282,0,0,2.968,1.234,1.98488,0,0,0,0,1.624,1.62233,1.518,1.56,2.32918,2.482,2.782,2.272,0,0,0,1.292,3.302,3.33742,2.054,1.66,0,1.356,2.576,1.40193,0,3.802,0,0,2.99792,1.356,0,2.65,0,0,2.17667,0,0,0,1.482,0,0.904,1.352,1.356,3.63869,3.542,3.742,1.584,1.792,2.762,2.6678,0,0,0,2.692,3.178,0,1.20409,0,0,3.04736,0,1.186,0,2.25,2.062,2.04125,1.19214,0,1.696,1.988,1.21,1.672,0,4.292
13,-88.964665,30.402514,convience,0,0,0,0,0,0,1.98835,2.002,0,1.828,0,0,0,0,1.98488,0,0,2.38712,0,1.624,1.62382,2.018,0,2.32734,2.482,2.782,2.272,1.542,0,0,0,3.302,3.32333,2.054,0,0,0,0,0,3.742,3.802,3.836,0,2.99832,0,3.644,0,1.514,0,0,2.96453,1.772,5.714,1.482,0,0,0,1.356,3.65474,3.542,3.742,0,1.792,2.762,2.6678,0,2.4064,0,0,3.178,1.702,1.19739,0,0.916,0,0,1.186,0,0,0,2.04124,0,0,1.696,1.988,1.21,1.672,1.182,4.292
14,-88.934236,30.44758,convience,0,1.13573,0.641,0,1.934,3.38,1.80756,0,0,2.322,1.726,0,2.768,1.234,1.98488,0,0.687071,2.12827,0,0,0,0,0,2.00816,2.482,2.782,2.272,2.122,0,0,1.212,3.302,0,0,1.66,1.44,0,2.576,0,3.742,3.802,3.836,0,2.69391,1.356,0,2.108,0,0,0,2.96481,1.772,0,1.522,0.933878,0.904,0,1.356,3.7308,3.542,0,1.384,2.052,2.762,2.74981,0,2.4064,0,2.092,0,0,1.2824,0.676,0.676,2.55734,1.17,0,0.738,1.862,0,2.12032,1.21615,0,0,1.988,1.21,0,1.022,0
15,-88.956338,30.437822,convience,0,0,0.68,0,0,0,0,0,0,0,0,2.008,0,1.234,1.98488,0,0,2.38712,0,1.624,1.61321,1.518,0,0,2.482,2.782,0,0,0,2.306,0,3.302,3.38106,2.054,0,1.44,1.356,0,1.4015,0,3.802,3.836,3.05698,0,0,3.176,0,1.516,2.35,0,0,1.772,0,1.482,0,0.904,1.472,0,0,3.542,3.742,1.584,0,2.762,2.6678,0,0,2.8128,2.692,3.178,0,0,1.036,0,0,0,1.186,0,1.81,1.594,2.04104,1.0863,0,1.688,1.988,1.21,1.672,0.942,0
16,-88.975872,30.401794,convience,0,0,0.66,0,2.034,0,0,0,2.87,1.828,0,0,0,0,0,0,0.783685,0,0.593845,0,1.63205,0,0,0,2.482,0,2.272,0,0,2.752,0,3.302,3.24746,0,1.66,0,0,2.576,1.4019,3.742,3.802,0,0,0,0,0,2.75,1.514,0,0,2.96447,1.772,5.714,1.482,0.998857,0.904,1.352,1.356,3.72311,0,3.742,1.584,0,2.762,2.6678,2.7925,2.4064,2.80831,2.692,0,0,1.16109,0,0.916,0,0,1.186,0,0,0,2.04116,1.07341,1.418,0,1.988,1.21,0,1.182,0
17,-88.852223,30.481725,convience,0,0,0.620996,0,0,0,0,1.962,2.096,2.122,0,0,3.028,1.37335,1.77621,0,0,2.12827,0.593845,1.624,0,0,0,1.77814,2.47,0,1.99,2.122,0,0,1.332,4.05,3.88127,2.018,0,0,1.482,3.21321,0,3.71,3.91,3.514,0,0,0,0,0,0,2.448,0,3.77371,1.498,0,1.522,0,0,1.59,1.006,3.37373,0,0,1.472,0,2.91,2.75911,0,1.7604,0,2.092,0,0,1.4677,1.116,0,0,1.846,2.426,0,0,1.944,2.12307,1.20885,3.521,0,2.386,1.174,1.46,1.022,0
18,-89.001234,30.465125,convience,0,1.3603,0,0,2.034,0,2.23559,1.93,2.524,1.522,0,1.8468,2.31,0.962324,1.93164,0,0.783182,2.38641,0,1.704,0,0,0,2.28323,2.482,2.794,2.272,0,0,2.752,1.99,3.302,3.08027,2.054,0,0,0,0,1.40089,3.634,3.802,3.836,0,3.01555,1.356,3.644,2.75,0,2.35,2.17667,2.96461,0,0,1.482,0,0,0,0,4.37766,3.542,3.594,1.584,0,2.762,2.66327,0,2.406,0,2.692,0,0,0.996633,1.036,0.916,0,1.658,0,0,0,0,2.04043,0.688893,1.418,1.696,1.988,1.21,1.672,0,0
19,-88.999058,30.4668,convience,0,1.3586,0.69,0,0,3.098,2.23189,1.93,0,1.522,0,0,0,0.961455,1.94036,0,0.783175,2.38712,0,0,1.69869,0,2.118,0,2.482,2.794,2.272,0,0,0,1.99,3.302,3.09454,2.054,1.66,1.44,1.356,2.576,1.40089,0,3.802,3.836,0,0,1.356,0,0,0,0,0,0,1.772,0,1.482,0,0,0,0,0,3.542,3.594,0,1.792,2.762,2.66401,0,2.406,2.81901,2.692,0,0,0,0,0.916,0,1.658,0,1.574,2.422,0,2.04044,0.700644,1.418,1.696,1.988,1.21,1.672,0,0
20,-88.975181,30.4019,grocery,0,1.3296,0.624,1.91226,0.802615,0,0,1.144,0,2.11754,1.00448,2.676,2.364,1.162,1.73,0.661,0.744,1.236,0,1.7617,0,1.30471,0,2.758,1.08148,1.60905,1.464,1.64926,0,2.41067,1.474,1.784,2.14693,2.01,1.156,1.73898,0,3.30947,1.276,3.842,3.694,4.384,1.93307,4.23958,0.988,3.772,2.166,2.06,2.044,0,0,1.648,3.54374,0.754,0.716086,0.796,0,0,3.5816,3.622,2.676,1.562,1.562,2.992,0,2.72089,1.90145,2.464,1.628,2.5386,0,0.696,1.38457,1.786,2.49268,1.856,0,3.23031,2.464,2.912,1.692,0.428049,0,1.976,1.528,1.812,2.004,0,4.808
21,-88.893274,30.403158,grocery,86,1.5,0.69,1.99,0.67,1.25,0.7,0.87,2.6,2.86,1,2.99,2.5,1.36,1.76,0,0.99,1,0.11,1.99,1.33,1.79,1,3.39,1.19,1.89,1.19,1.89,2.49,2.5,1.59,1.79,1.79,2.39,1.39,2.29,1.5,3.49,1.67,4.49,4.49,4.99,2.19,4.89,1,4.79,1.49,1.79,2.69,3,3.33,1.89,4.67,0.9,0.8,1,1.79,0,4.19,4.79,2.5,1.29,1.29,3.49,1.58,3.29,2.19,2.29,2,2.99,1.49,0.89,1.3,2.65,3.19,1.4,1.7,7.97,2.79,4.63,2,0.5,10.99,1.78,1.51,1.99,2.49,1.09,4.04
22,-88.901866,30.397358,grocery,86,1.49,0.69,1.99,0.56,1.29,0.89,1.14,2.3,2.59,0.99,2.99,2.5,1.99,1.76,0,0.99,1.54,0,1.99,2.19,1.79,1.79,3.59,1.25,2.29,1.29,1.89,2.29,2.5,1.59,1.79,1.79,2.39,1.39,1.99,1.79,3.49,1.39,4.49,3.59,4.99,2.19,4.99,1,3.99,1.49,1.79,2.33,2.99,3.99,1.33,5,0.45,0.8,1,1.79,1.19,3.59,4.39,2.5,1.1,1.1,3.13,1.58,3.29,2.19,2.59,1.5,2.29,1.49,0.89,1.08,2.86,3.19,1.52,1.7,8.54,2.79,4.63,2,0.5,7.935,2.27,1.29,1.79,2.49,1.6,4.04
23,-88.944607,30.402979,grocery,0,1.3096,0.608,0,1.14005,1.32648,0.834464,1.352,0,0,1.09682,2.48,2.27,0,1.65,0.661,0.866,1.24,0.432,1.75784,0,1.52195,0,2.642,1.17027,1.84603,1.426,0,2.466,0,0,1.918,2.0919,1.94,1.234,1.86448,0,3.27996,1.346,0,3.754,0,0,0,0.97,3.79,2.148,2.022,0,0,0,1.56,0,0.648,0,0.782,0,1.294,4.07745,3.262,2.786,1.584,1.584,2.894,1.66,0,1.74711,2.466,0,0,0,0.698,1.19487,1.596,2.33916,1.498,1.36463,4.8971,2.306,0,1.99,0.461511,0,2.148,1.514,1.806,2.066,0,3.99
24,-88.992633,30.394575,grocery,0,1.3296,0,0,0.802615,0.671685,0.813646,1.144,0,1.98305,0,0,0,1.162,1.73,0,0.744,1.236,0,0,0,0,1.154,0,1.043,1.60658,0,1.54477,2.248,2.40341,1.474,1.784,0,2.01,1.156,1.67012,0,3.27987,1.276,3.842,3.694,4.24584,1.87226,4.0656,0.988,3.772,0,2.06,2.044,2.69835,2.98244,1.648,3.22362,0.754,0.696531,0.796,1.496,1.414,3.7043,3.622,2.676,1.562,1.562,2.992,1.9,2.57964,1.90145,2.464,1.628,2.5386,0,0.696,1.41057,1.786,0,1.856,0,2.34437,2.464,2.912,1.692,0.411322,6.13429,1.976,1.528,1.812,2.004,1.282,4.808
25,-89.37747,30.37516,convience,87,1.59,0.69,2,2.5,2.99,0.89,1.99,3.99,1.79,1.19,1.99,3.99,1.99,1.79,0,0.99,2,0.65,1.99,2.19,1.59,1.59,3.59,1.49,1.49,1.29,1.89,2.29,3.89,1.59,2.19,2.79,2.39,1.39,1.79,1.79,3.49,1.39,4.49,2.99,4.99,2.19,4.99,1,4.99,2.69,1.79,2.7,2.99,4,1.89,6.99,0.75,0.89,0.8,0.89,0.99,4.19,3.5,3.49,1.29,1.29,1.99,1.99,3.29,2.19,2.29,2,2.99,1.79,0.89,2.79,3.19,3.19,3.29,3.19,2.99,3.19,3.19,3.39,0.5,1.69,2.49,1.29,2.49,2.49,1.59,2.79
26,-89.373293,30.375234,grocery,0,1.184,0.57,1.83108,0,0,0,0,2.25874,1.76242,0.987739,2.09,0,1.01418,1.28067,0.661,0.810727,1.99233,0.361333,1.69009,0,0,1.03714,2.2095,1.77345,2.83233,1.84133,0,0,0,0,0,0,2.04667,1.12333,0,2.53773,2.30245,1.26033,3.6524,3.654,2.37432,0,0,1.11091,3.1585,0,1.97486,0,0,3.0988,1.68246,3.85455,0.794,0,0,1.40689,1.936,0,0,2.94067,1.28836,1.40182,1.815,1.99267,0,2.03769,2.53356,1.4344,2.511,1.896,0.822667,0.87842,0,2.35961,0.956,0.967636,1.45055,1.80033,0,1.40327,1.53573,2.15168,1.528,1.76462,1.50182,1.94956,1.25343,3.92567
27,-89.373293,30.375234,grocery,0,0,0.57,1.83108,1.13054,0.850338,0.802357,1.2335,2.25874,1.76242,0,0,2.76486,1.01418,1.28067,0,0,1.99233,0,0,1.16771,1.18136,0,0,1.77345,2.83233,1.84133,2.12243,0,2.31174,1.39933,2.46,2.26236,2.04667,1.12333,0,2.53773,2.30245,1.26033,0,3.654,2.37432,0,3.55411,1.11091,3.1585,2.4575,1.97486,2.2535,0,3.0988,1.68246,3.85455,0.794,0.855125,0,1.40689,0,0,0,2.94067,1.28836,1.40182,1.815,1.99267,2.64316,2.03769,2.53356,1.4344,0,1.896,0.822667,0.87842,0.952727,2.35961,0,0.967636,1.45055,1.80033,1.1756,1.40327,1.53573,2.15168,1.528,1.76462,1.50182,0,1.25343,3.92567
28,-88.88736,30.431865,convience,0,1.10775,0.641,0,0,0,0,0,0,0,0,2.168,3.028,1.29943,2.02568,0,0.788303,0,0,0,0,0,0,0,2.47,2.782,2.272,0,0,0,1.332,4.05,0,0,1.446,1.536,1.482,3.054,1.37658,3.55,3.91,4.234,0,0,1.272,0,0,0,2.448,0,2.91494,1.618,0,1.522,0,0.884,0,0,3.0905,3.63,3.742,0,0,2.91,2.76005,0,0,0,2.092,0,0,1.46566,0.738,0.746,0,0,2.106,0,1.862,1.944,0,1.61958,2.302,0,2.386,0,0,0,3.142
29,-88.891747,30.429577,convience,0,0,0.641,0,0,0,0,0,2.096,0,1.726,2.168,0,0,2.01224,0.592,0,2.12827,0,1.624,0,0,1.6,1.94901,2.47,0,2.272,2.122,0,0,1.332,4.05,0,0,1.446,0,0,0,1.37665,3.55,3.91,0,0,0,1.272,0,0,1.782,0,0,2.91491,1.618,5.274,1.522,0,0.884,1.59,0,3.14229,3.63,0,0,2.082,0,2.75635,0,2.2744,0,2.092,0,0,1.45024,0,0.746,2.43682,1.788,2.106,0,0,0,2.12212,0,0,0,2.386,1.174,1.68,0,3.142
30,-88.896979,30.458918,convience,0,1.11829,0,0,0,2.54,0,1.962,0,0,1.726,0,0,0,1.98997,0.592,0.787827,2.12827,0,0,0,0,1.6,0,2.47,2.782,2.272,0,2.586,0,0,0,3.74949,2.054,1.66,0,1.434,0,1.40161,3.742,3.91,4.064,0,0,1.356,2.936,2.108,0,0,0,0,1.77,5.274,1.522,0,0.9,0,1.334,0,3.63,0,1.472,0,2.91,0,2.7925,2.4064,0,2.092,3.08,1.782,1.40559,0,0.746,0,1.788,0,1.068,1.862,0,2.12166,1.30361,2.302,1.268,2.386,1.198,1.672,0,4.292
31,-88.892974,30.436737,grocery,0,1.3096,0,1.9768,1.14005,1.31595,0.779115,0,2.36354,2.66953,0,0,0,1.268,1.65,0,0.866,1.24,0.5,1.79826,1.394,0,0,2.642,1.16619,1.8453,1.426,0,0,2.79862,0,1.918,2.08498,1.94,1.234,2.13814,1.60798,3.13246,1.346,3.902,3.754,4.6481,0,4.62778,0,3.79,2.148,0,3.124,3.0137,3.34711,1.712,0,0.648,0.797796,0.782,1.55,1.294,4.16854,3.262,2.786,1.584,1.584,2.894,1.66,0,1.73792,0,0,0,1.858,0.698,1.28553,1.596,2.48324,1.498,1.36723,5.33915,2.68,0,0,0.467624,8.96555,3.066,2.144,1.806,2.066,0,4.944
32,-88.891116,30.430405,grocery,0,0,0,0,1.13535,0,0,0,2.38454,2.70533,1.23778,2.48,0,0,1.65,0,0.866,1.24,0,1.82206,1.394,1.6774,1.252,2.642,1.17181,1.82627,1.426,1.90446,2.466,2.76721,1.298,1.918,2.08126,1.94,1.234,2.16369,1.59015,3.14299,1.346,3.902,3.754,4.67862,2.12876,0,0.97,3.79,0,2.022,0,3.01456,3.34711,1.712,0,0.648,0.800424,0.782,1.55,1.294,4.15487,3.262,2.786,1.584,1.584,2.894,0,0,1.73792,2.466,1.686,0,0,0.698,1.28541,0,0,1.498,1.38482,5.74185,2.68,2.822,1.99,0.471995,9.09868,0,2.144,1.806,0,0,4.944
33,-88.89463,30.458746,superstore,59,0,0.99,0,0,0,2.49,2.49,1.89,2.29,1.59,1.59,2.69,2.09,2.39,1.19,2.39,2.39,0,0,3.79,2.29,0,4.29,1.59,1.99,1.59,2.49,0,0,1.89,4.89,4.39,2.19,1.69,2.69,0.79,1.89,2.19,4.49,4.49,3.09,0,3.09,1.59,0,0,0,0,0,3.69,2.49,0,0,1.39,1.79,0,2.39,4.09,3.89,4.89,1.69,1.69,3.89,0,3.19,2.89,0,3.09,0.89,1.78,1.19,0,0,0,0,0.99,1.99,1.35,1.89,1.69,1.09,3.79,0,0,0,1.49,0,0
34,-89.111414,30.368555,convience,0,0,0.69,0,0,3.098,2.04253,0,0,0,1.72371,0,2.31,0,1.55802,0,0.784305,1.65426,0,1.806,1.8336,0,0,0,0,0,1.676,0,2.808,2.752,1.99,2.924,1.70062,1.872,1.56197,1.44,0,2.576,1.30472,3.994,3.826,3.836,0,0,1.298,0,0,0,2.316,0,0,1.772,0,1.076,0.996552,0,1.292,0,0,2.736,2.966,1.384,0,2.826,1.84699,0,2.406,2.66187,2.436,0,1.83743,0.874319,0,0,3.0454,1.658,1.186,1.574,2.422,2.062,1.96584,0.50731,3.416,2.034,1.796,1.368,1.97,1.182,3.984
35,-89.114285,30.369069,convience,0,0,0,3.07198,2.07733,0,0,1.93,0,0,0,1.63463,0,0.720874,1.55268,0,0.784309,0,0,1.806,1.83504,0,0,0,1.746,2.666,1.676,1.882,2.808,0,0,2.924,1.69637,1.872,1.56127,1.44,1.456,0,1.30473,3.994,3.826,0,2.65287,2.93779,1.298,0,0,0,0,0,2.89581,1.772,5.9775,1.076,0.996492,0.904,1.292,1.356,1.19497,2.736,2.966,1.384,1.592,2.826,1.84489,0,2.406,0,2.436,0,0,0.872331,0,0,0,1.658,1.186,1.574,0,0,1.96588,0.504637,3.416,2.034,1.796,1.368,0,1.182,3.984
36,-89.071043,30.391378,convience,0,0,0,0,0,0,0,0,2.624,1.522,1.72371,0,0,0.942901,1.5907,0,0,1.656,0.682692,0,0,0,2.118,0,1.746,0,1.676,1.882,0,0,0,0,0,1.872,1.562,0,0,2.576,1.30392,3.634,3.826,0,0,2.962,1.356,0,2.75,0,2.348,0,2.89609,1.772,0,1.076,0,0,1.352,1.356,2.70512,2.736,2.966,1.584,0,2.826,1.86287,2.7925,2.406,0,2.436,3.178,0,0.938038,0,0.916,0,0,1.186,0,0,2.062,1.96481,0.46062,0,0,1.796,1.21,1.672,1.182,0
37,-89.06211,30.38862,convience,0,1.4213,0.69,0,0,0,0,1.93,0,0,0,0,2.31,0.956423,1.59569,0,0.783826,1.656,0,0,1.8011,2.138,2.118,2.29494,1.746,0,1.676,0,2.808,2.752,1.99,2.924,2.15462,1.872,1.562,1.44,1.356,2.576,1.30393,3.634,3.826,0,0,2.9758,1.356,3.644,0,0,0,0,2.8961,0,0,1.076,0.997975,0.904,1.352,1.356,0,2.736,2.966,1.584,1.792,2.826,1.86476,0,2.406,2.79974,2.436,0,1.83743,0,1.036,0.916,0,1.658,1.186,1.574,2.422,2.062,1.96474,0.485909,3.416,0,1.796,1.21,1.672,0,3.984
38,-89.135779,30.383844,convience,0,0,0,3.04171,0,0,2.00237,0,0,0,1.72371,0,0,0.677736,1.51441,0,0,1.57802,0.682692,0,1.84424,0,2.118,2.36667,1.746,2.666,1.676,0,0,2.752,0,2.924,1.65504,1.872,1.51726,1.44,1.456,0,1.30459,3.994,3.826,3.836,2.64645,2.90855,1.298,3.644,2.75,0,2.316,0,2.89582,1.772,0,1.076,0,0.904,1.292,1.356,0.546538,2.736,2.966,1.384,0,2.826,1.82363,0,2.406,0,2.436,3.178,0,0.855428,1.036,0.916,0,0,1.186,0,0,0,1.96603,0.479269,0,0,1.796,1.368,0,0,3.984
39,-89.09239,30.40921,convience,0,0,0,3.17437,0,0,0,0,0,0,0,1.63463,0,0.742335,1.5461,0,0.783573,1.64735,0.682692,0,0,0,0,2.29699,1.746,2.666,0,1.882,2.808,2.752,1.99,2.924,1.71412,1.872,1.55949,0,0,0,1.30367,3.734,3.826,0,2.60695,0,0,3.644,0,0,0,0,2.89614,0,5.9775,0,0.997664,0.904,1.292,1.356,2.18476,2.736,2.966,1.584,1.792,2.826,1.84658,0,2.406,2.66425,2.436,0,0,0.922859,0,0,3.04379,1.658,0,0,0,0,1.96483,0.414069,3.416,0,1.796,0,1.97,0,3.984
40,-89.04642,30.39163,convience,0,1.40712,0,0,0,0,0,1.93,2.87,0,0,0,0,0.959904,1.95553,0,0,2.38712,0,0,1.68671,0,2.118,0,2.402,2.794,2.272,1.882,0,2.752,0,4.3,2.8144,2.04,1.47,1.44,1.356,0,1.40139,3.634,3.802,0,2.62292,2.9949,0,0,0,0,2.348,0,2.91432,1.772,0,1.482,0,0.904,0,0,0,3.182,3.594,1.584,1.792,3.422,2.6653,0,2.406,2.80461,2.692,3.178,1.702,0,0,0.916,3.04611,1.658,1.186,0,2.422,0,2.04103,0.601333,3.416,0,2.588,1.21,1.672,0,3.114
41,-89.08101,30.427672,convience,0,1.43062,0,0,0,0,0,0,2.624,1.522,1.72371,1.63463,0,0.926126,1.57587,0.842,0.783383,1.62967,0,1.806,1.79663,2.138,2.118,0,1.746,2.666,1.676,0,0,0,0,2.924,2.05556,1.872,0,1.44,0,2.59147,1.30329,0,3.826,3.836,0,0,1.356,0,2.75,0,0,0,2.89628,0,0,1.076,0.99823,0,1.292,0,0,2.736,2.966,0,1.792,2.826,1.87003,0,2.406,2.79281,2.436,0,0,0.916979,0,0.916,3.04399,1.658,1.186,1.574,0,0,1.96436,0.422933,0,0,1.796,0,1.672,0,3.984
42,-89.0021,30.40072,convience,0,0,0,3.04098,0,3.098,0,0,2.87,0,1.524,0,0,0.957451,1.97746,0,0,2.38712,0,1.744,1.6494,2.138,0,0,0,2.794,2.272,1.882,0,2.752,0,3.302,3.0735,0,1.66,0,1.356,0,1.40185,3.634,3.802,3.836,0,0,1.356,0,2.75,1.65,2.35,0,0,1.772,5.714,1.482,0.998789,0.904,0,1.356,0,3.542,3.594,1.584,0,2.762,2.66716,2.7925,0,0,2.692,3.178,1.702,0,0,0.916,0,0,1.186,0,0,0,2.04099,0.853765,1.418,1.696,1.988,1.21,0,1.182,0
43,-89.075058,30.449589,convience,0,0,0,0,0,0,2.23851,1.93,0,0,0,0,0,0,1.59208,0,0.783208,0,0,0,0,0,2.118,0,1.746,0,1.676,0,0,0,1.99,2.924,2.09254,1.872,1.55391,1.44,0,0,0,3.634,3.826,3.836,0,2.98854,1.356,0,0,0,0,0,2.8964,0,0,1.076,0.998644,0.904,1.292,1.356,0,2.736,2.966,1.584,1.792,2.826,1.88692,0,2.406,2.79458,0,0,0,0,1.036,0.916,0,1.658,1.186,1.574,0,0,1.96398,0.46359,0,0,1.796,1.21,0,1.182,3.984
44,-89.054358,30.449675,convience,0,1.40443,0,3.1693,0,3.098,2.2945,1.93,2.87,0,0,0,0,0,1.66217,0.842,0.783231,1.82176,0.506965,0,1.67569,0,0,2.23542,2.034,2.794,2.004,0,2.808,2.752,1.99,3.552,0,2.054,0,1.44,0,2.96101,0,3.634,3.694,3.836,2.57889,0,1.356,3.644,2.75,1.65,0,2.14712,0,1.772,0,1.244,0.999259,0.904,0,1.356,4.54707,3.134,3.594,0,1.792,2.974,2.36086,0,2.406,2.80053,2.274,3.178,1.702,0,0.980699,0,0,0,1.54868,0,0,0,0,0.397986,3.416,1.696,2.19,0,1.672,0,4.292
45,-89.04976,30.449704,convience,84,1.39,0.59,3.99,2.5,4.99,2.99,1.99,2.99,1.99,1.79,1.59,2.99,0.99,1.59,0,0.79,1,0.49,1.65,1.55,1.63,1.63,1.49,0.99,1.99,0.99,0.99,3.79,1.19,1.19,2,2.35,1.69,1.47,1.89,1.49,3.69,1.17,3.29,3.29,4.59,2.59,3.69,1,2.29,1.19,1.29,2.6,0,3.39,1.37,5.99,0.87,1.19,0.69,0,0.99,4.75,2.99,2.69,1.19,2.23,2.79,2.37,2.59,1.89,2.75,1.19,2.39,0.89,0.89,0.89,0.89,3.07,3.5,2.39,0.89,2.09,2.93,1.49,0.39,1.59,0,1.49,1.15,0.77,1.59,2.39
46,-89.07155,30.42806,convience,0,0,0,3.13292,1.84167,3.098,2.22505,1.93,0,1.522,0,1.63463,2.31,0,0,0.842,0,1.59666,0,0,0,0,2.118,2.26378,1.746,2.666,0,0,2.808,0,1.99,2.924,2.10153,0,1.55704,1.44,0,2.63866,1.30326,3.634,3.826,3.836,0,0,0,3.644,2.75,0,0,0,0,0,5.9775,1.076,0,0.904,0,1.356,3.40133,2.736,2.966,1.584,1.792,2.826,1.88069,0,2.406,2.79564,2.436,3.178,1.83743,0.913742,0,0.916,3.04451,0,0,0,0,2.062,1.9642,0.413454,0,1.696,1.796,0,1.672,1.182,3.984
47,-89.09699,30.44238,convience,0,0,0.69,0,2.07733,3.098,2.17322,0,0,0,0,0,2.31,0.780225,1.56256,0.842,0,1.6526,0.681042,0,0,2.138,0,2.28479,1.746,2.666,1.676,1.882,2.808,0,0,2.924,1.99009,1.872,1.56195,1.44,1.456,2.576,1.30309,3.734,3.826,3.836,2.58492,0,0,0,0,1.65,0,0,2.89632,0,5.9775,1.076,0.997941,0.904,0,0,2.49953,2.736,2.966,0,1.792,2.826,1.85867,0,0,2.66489,2.436,3.178,0,0,1.036,0,0,1.658,0,0,2.422,0,1.96445,0,3.416,1.696,1.796,1.368,0,1.182,3.984
48,-89.09801,30.45078,convience,0,0,0,3.19493,0,0,2.17327,0,0,0,0,0,2.31,0,1.57246,0,0,1.65366,0,0,0,0,0,2.2853,1.746,2.666,1.676,0,2.808,0,1.99,2.924,1.99041,1.872,1.56198,1.44,1.356,2.576,1.30297,3.634,3.826,3.836,0,2.94832,1.356,3.644,2.75,0,0,0,2.89635,1.772,5.9775,1.076,0.997962,0,1.292,0,2.55347,2.736,2.966,0,0,2.826,1.86216,0,2.406,2.78818,0,3.178,0,0.924576,0,0,3.04271,0,0,0,0,0,1.96439,0,0,0,1.796,1.21,0,0,3.984
49,-89.09675,30.43814,convience,0,0,0.69,0,0,0,0,1.93,2.624,1.522,1.72371,1.63463,2.31,0,1.55678,0.842,0.783288,0,0,1.806,0,0,0,0,1.746,2.666,1.676,0,0,0,1.99,2.924,1.98777,1.872,1.56194,0,0,2.576,0,3.734,3.826,0,0,2.93509,0,3.644,0,0,0,0,2.8963,0,0,1.076,0,0.904,1.292,0,2.43726,2.736,2.966,1.584,1.792,2.826,1.85591,0,0,2.6648,2.436,0,1.83743,0,0,0,0,1.658,0,1.574,0,0,1.96449,0.483578,0,0,1.796,1.368,1.97,0,3.984
50,-89.1069,30.49879,convience,0,0,0,0,0,0,0,1.93,0,1.522,1.72371,0,2.31,0.956442,1.59599,0,0.782951,1.656,0,1.806,0,0,0,0,1.746,0,1.676,0,0,0,0,2.924,0,1.872,1.562,1.44,0,2.576,1.3024,3.634,3.826,3.836,0,0,0,0,2.75,0,0,0,0,0,0,1.076,0.997769,0.904,1.292,0,2.48156,2.736,2.966,0,1.792,2.826,1.86211,0,2.406,2.78765,2.436,0,0,0.957433,1.036,0,0,0,1.186,1.574,2.422,0,1.96427,0,3.416,1.696,1.796,1.21,1.672,0,3.984
51,-89.031108,30.43321,convience,0,0,0.69,0,0,0,0,1.93,0,0,0,0,2.31,0.974086,1.80707,0,0,2.19094,0.560378,0,0,0,0,2.25412,2.402,2.794,2.272,0,2.808,0,0,4.3,0,2.054,1.64284,0,1.356,0,1.40115,3.634,3.802,0,2.66658,3.02469,0,0,2.75,0,0,2.17567,0,0,5.714,1.482,0.999183,0.904,1.352,1.356,4.40794,3.182,3.594,1.584,1.792,3.422,2.65272,0,2.406,0,2.692,3.178,1.702,0.934692,1.036,0,0,0,0,1.574,0,2.062,2.04034,0.530524,3.416,0,2.588,0,0,1.182,4.292
52,-89.06962,30.469885,convience,0,0,0.69,0,0,0,0,0,0,1.522,0,0,2.31,0,1.77152,0,0,0,0,1.806,0,2.138,0,2.26004,2.034,2.666,2.004,0,2.808,0,0,3.552,0,2.054,0,1.44,1.356,2.66169,1.30268,3.634,3.694,3.836,0,3.00784,1.356,0,0,0,0,0,2.96435,1.772,0,0,0,0,0,1.356,3.83159,3.134,3.594,1.584,0,2.974,0,2.873,0,2.79649,2.274,3.178,1.83743,0.911988,0,0.916,0,1.658,0,1.574,0,0,1.9638,0.55455,3.416,0,2.19,1.21,1.672,0,3.984
53,-89.03861,30.486689,convience,0,1.38887,0,0,0,0,0,1.93,2.524,0,0,1.8468,0,0,1.81319,0,0.783006,2.23415,0,1.704,0,0,2.118,2.2702,2.034,2.794,2.004,0,0,0,1.99,3.552,2.54375,2.054,1.65637,0,0,2.59045,1.40045,3.634,3.694,0,2.62897,0,1.356,3.644,0,0,2.35,0,2.96454,1.772,0,1.244,0,0,1.352,0,0,3.134,3.594,1.584,0,2.974,2.3603,0,2.406,2.80614,2.274,3.178,0,0,1.036,0.916,3.04441,0,1.186,1.574,0,0,2.17269,0.663803,3.416,0,2.19,1.21,1.672,0,4.292
54,-89.136962,30.462891,convience,0,1.47118,0,0,0,3.098,0,0,0,0,0,0,2.31,0.731017,1.56655,0.842,0.783283,1.656,0.682692,0,0,2.138,0,0,1.746,2.666,1.676,1.882,2.808,0,0,2.924,1.63398,1.872,1.562,0,0,2.576,1.30289,3.994,3.826,3.836,0,0,1.298,0,0,1.65,0,0,0,0,5.9775,1.076,0,0.904,1.292,1.356,0,2.736,2.966,0,0,0,1.85035,0,2.406,0,2.436,3.178,1.83743,0,1.036,0.916,3.04135,1.658,1.186,0,2.422,0,1.96493,0,3.416,0,1.796,1.368,0,1.182,0
55,-89.194431,30.44157,convience,0,0,0,0,0,0,1.87675,0,2.624,0,1.72371,0,0,0.74853,1.58881,0,0,1.656,0,0,0,0,0,2.42091,1.746,2.666,0,1.882,2.808,0,0,2.924,0,1.872,1.562,0,1.456,0,1.30351,0,3.826,0,2.62904,2.94581,0,0,0,1.65,0,0,2.89611,1.772,5.9775,0,0,0,0,0,0,2.736,0,0,1.592,2.826,1.85913,0,2.406,2.65896,2.436,0,0,0.806475,1.036,0.916,0,0,1.186,1.574,2.422,0,1.966,1.08516,0,0,1.796,1.368,0,1.202,3.984
56,-89.126904,30.501154,convience,0,1.45674,0,0,0,0,2.08295,0,2.624,1.522,0,0,2.31,0.956,1.596,0,0.744593,1.656,0,1.806,0,2.138,2.118,0,1.746,2.666,1.676,0,0,0,0,2.924,0,0,1.562,0,1.456,2.576,1.30237,3.994,3.826,0,0,0,1.298,0,0,1.65,0,2.14789,2.89652,1.772,0,1.076,0.997257,0,1.292,1.356,0,2.736,2.966,1.384,0,2.826,1.862,2.873,2.406,2.61393,2.436,3.076,1.83743,0,0,0,0,1.658,0,1.574,0,0,1.96453,1.10319,1.556,1.696,1.796,1.508,0,1.182,0
57,-89.17573,30.516925,convience,0,1.54816,0.69,2.98043,2.07733,3.098,1.95534,1.93,0,1.522,1.72371,0,2.31,0,1.58391,0,0,1.656,0,0,0,0,0,2.40217,1.746,0,1.676,1.882,2.808,2.752,0,2.924,0,1.872,1.562,1.46,0,2.576,1.30212,3.994,3.826,0,0,2.83753,0,0,2.75,0,0,0,2.89656,0,0,1.076,0,0.904,0,1.356,0.800229,2.736,2.966,1.384,1.592,2.826,1.86193,0,2.406,2.60814,2.436,0,1.83743,0.842927,1.036,1.116,0,0,1.186,0,2.422,0,1.96504,1.6971,0,0,1.796,0,0,1.182,3.984
58,-89.217098,30.527265,convience,0,1.55411,0.69,0,2.07733,0,1.85513,0,0,1.522,0,0,0,0.755202,0,0,0.744907,1.71133,0,0,1.85074,2.138,2.118,0,1.746,2.666,1.676,1.482,0,0,0,2.924,0,1.872,1.6025,1.46,1.456,2.62965,0,3.994,3.826,0,2.67579,2.76694,0,0,0,0,2.316,0,2.89662,1.772,5.9775,1.076,0,0,1.30673,1.356,0,2.736,2.966,0,0,2.826,1.86135,0,2.406,2.60326,2.436,3.076,1.83743,0,0,1.116,3.04345,1.658,1.186,1.56265,0,2.062,1.96537,2.20057,1.556,0,1.796,0,1.97,1.202,3.984
59,-89.099161,30.376664,convience,0,1.45592,0,0,2.07733,3.098,0,0,0,0,1.72371,0,2.31,0,1.56177,0.842,0.784085,1.65546,0,0,1.82397,2.138,0,2.33182,1.746,2.666,1.676,0,0,2.752,0,2.924,1.71066,1.872,1.562,0,1.456,2.576,1.30441,0,3.826,3.836,0,0,1.356,0,2.75,0,0,0,2.89591,1.772,5.9775,1.076,0.996983,0.904,1.292,0,1.65368,2.736,2.966,1.584,1.792,2.826,1.84847,0,2.406,0,2.436,0,1.83743,0.929522,0,0,0,0,1.186,1.574,2.422,0,1.96549,0.47704,0,1.696,1.796,0,0,1.182,3.984
60,-89.07107,30.38541,convience,0,0,0,0,0,0,2.14773,1.93,2.624,1.522,0,1.63463,2.31,0,1.59258,0.842,0.78388,1.656,0,0,0,2.138,2.118,2.30265,1.746,2.666,0,0,0,0,1.99,2.924,2.11615,1.872,1.562,1.44,1.356,0,1.30404,3.634,3.826,3.836,2.64593,2.9625,1.356,3.644,2.75,0,0,0,2.89605,1.772,5.9775,1.076,0.997743,0.904,0,0,2.61097,2.736,2.966,0,1.792,2.826,1.86189,0,2.406,2.79706,0,0,0,0,1.036,0,3.04551,0,1.186,0,2.422,2.062,1.96492,0.480278,3.416,0,1.796,1.21,0,0,3.984
61,-89.111414,30.368555,convience,0,0,0,0,0,0,2.04253,0,2.624,0,0,0,0,0.724742,1.55802,0.842,0.784305,1.65426,0,1.806,0,0,2.118,0,1.746,2.666,1.676,1.882,0,0,0,2.924,1.70062,1.872,1.56197,0,1.456,0,1.30472,3.994,3.826,3.836,0,2.93962,0,3.644,0,0,2.316,0,2.89581,1.772,0,1.076,0,0.904,0,1.356,1.27616,2.736,2.966,0,1.592,2.826,1.84699,2.771,0,0,2.436,3.178,1.83743,0.874319,1.036,0.916,3.0454,0,1.186,1.574,0,0,1.96584,0.50731,0,0,1.796,1.368,1.97,1.182,0
62,-89.092975,30.375744,grocery,0,1.2696,0.584,1.7831,0,0,0,1.236,0,0,0.832993,2.288,0,0.976,1.51,0,0.684,1.898,0.423667,0,0,1.08856,1.13,0,2.06142,0,1.922,2.09113,2.026,2.2089,1.474,2.31,2.43067,1.912,1.084,1.49983,1.99508,2.62798,1.148,3.4,3.46,3.34904,0,3.42593,1.094,0,0,1.93,1.976,0,2.972,1.692,0,0,0,0.796,1.536,1.676,3.58691,2.864,2.932,1.384,0,2.084,1.9,2.5518,1.93735,2.464,1.506,2.5386,0,0.698,1.02663,1.048,0,1.628,1.09786,0,1.784,2.034,1.274,0,1.53594,0,1.82,1.614,1.994,1.302,4.378
63,-89.112797,30.363682,grocery,0,0,0.584,1.73662,0,0.890009,0.704895,1.236,1.76062,0,0.763776,0,2.454,0.976,1.51,0,0.684,1.898,0.423667,1.77258,1.276,0,1.13,2.412,2.704,2.58659,1.922,2.44868,2.026,0,0,2.31,2.38614,1.912,1.084,1.38177,1.98934,2.42427,1.148,3.4,3.46,3.20797,1.84888,0,1.094,3.37,2.046,1.93,1.976,0,0,1.692,4.10156,0.806,0,0,1.536,1.676,3.09295,2.864,0,1.384,1.452,2.084,1.984,2.64192,1.93735,2.536,1.506,2.5386,1.788,0.698,0.680559,1.048,0,1.628,1.09678,0.850659,1.784,2.034,1.274,0.39333,1.32165,0,1.82,1.614,1.994,0,4.378
64,-89.07368,30.38469,grocery,0,1.2696,0.584,1.821,1.04167,0.65028,0.846057,1.236,2.58,1.48633,0,2.288,0,0,1.51,0,0.684,1.898,0,1.72954,0,1.03613,0,0,1.50721,2.54935,1.922,0,0,0,0,2.31,2.45422,1.912,0,1.48213,1.999,2.8108,1.148,3.4,3.46,3.51377,1.78021,3.5268,1.094,3.37,2.046,0,1.976,0,2.972,1.692,0,0.806,0,0.796,1.536,0,3.72293,2.864,2.932,1.384,1.452,2.084,1.9,0,1.93735,0,1.506,0,1.788,0.698,0,1.048,0,1.628,1.04472,0.817629,1.784,2.034,1.274,0.41686,1.80228,1.658,1.82,0,1.994,0,4.378
66,-89.03306,30.39752,grocery,0,1.2696,0,0,0,0.49253,0,1.236,2.88225,0,0,2.288,0,0.976,0,0,0.684,1.898,0.432,0,1.276,0.974618,0,2.412,0.964338,1.44421,1.922,1.38295,0,2.33469,0,2.31,2.44277,1.912,1.084,1.52947,1.98765,3.10303,0,0,3.46,3.84947,1.75797,0,0,0,2.046,0,1.976,2.58019,3.06061,1.68921,2.85087,0.806,0.659509,0.796,1.536,1.676,4.08769,2.864,2.932,0,1.452,2.084,0,2.33526,1.76103,0,1.506,0,1.788,0.698,1.50121,1.048,0,0,1.20436,0.514036,1.784,2.034,1.274,0.37787,4.10225,1.658,1.82,1.614,1.994,1.2985,4.378
66,-89.04642,30.39163,grocery,87,1.098,0.58,1.86,0.596667,0.48,0.94,1.38,2.88,1.48,1.14,2.44,2.97,0.87,1.72,0,0.58,0.98,0.34,1.66,0.98,0.98,0.98,2.27,0.98,1.64,1.28,1.38,1.98,2.28,1.13,1.78,2.38,1.79,1,1.48,2,3.18,1,3.12,3.22,3.72,1.76,3.72,0.98,3.58,5.89,3.36,1.62,2.58,2.5,1.74,3.27,0.6,0.66,0.66,2,0.83,4.18,2.72,2.82,1.82,1.82,2.78,1.93,2.34,1.78,2.48,1.82,1.88,3.68,0.56,1.48,0.5,2.78,0.5,0.5,0.5,3.12,1.98,1.68,0.38,0.98,2,1.84,1.72,1.68,1.24,2.22
67,-89.02759,30.39857,grocery,0,0,0.584,0,1.39505,0,0.800153,0,2.87856,0,0.984004,0,2.454,1.288,1.776,0,0.784,1.694,0,1.6756,0,0.978971,0,0,0.979199,1.25756,1.784,1.3808,2.026,2.34546,0,2.424,2.63042,2.19,1.196,1.54972,1.98242,0,1.26,3.702,3.554,0,1.75984,0,1.106,0,2.046,0,1.976,2.58012,0,1.59377,2.7146,0.772,0.660003,0.796,1.20108,0,4.09238,2.864,3.034,1.384,0,2.592,1.9,0,1.72575,2.464,1.606,3.32304,1.788,0.776,0,1.574,2.09701,1.894,1.46547,0.509248,2.224,2.034,1.61,0.378757,4.73249,1.658,1.944,0,0,1.26543,4.378
68,-89.136637,30.410142,convience,56,0,0,0,0,0,0,0,0,0,0,0,0,0.6,1.35,0.4,0.65,1.04,0,0,0,0,0,2.25,2.85,2.85,2.6,0,0,2.5,0,1.95,1,1.85,1,1.28,2,3,0.96,0,3.85,4,0,0.34,1.15,3,0,0,0,1.55,3.25,1.6,3.95,0.67,1,0.4,0,1.3,0.14,2.25,2.65,0.75,0.75,2.25,1,0,1.85,2.65,2.7,4,0,0,0.5,0.5,3,0.5,0.75,0,0,0,1.85,0.4,1,1.25,1,1.05,1.75,0.65,2.75
69,-89.025,30.399922,grocery,85,1.47,0.58,1.86,1.5,0.5,0.78,1.38,2.88,1.78,0.98,2.48,0.88,0.87,1.72,0,0.58,1.33,0.34,1.66,0.98,0.98,1,2.27,0.98,1.18,2.28,1.38,2.98,2.38,1.13,1.78,2.37,1.74,1,1.56,1.98,3.2,1.32,3.92,3.98,4,1.76,3.72,0.98,3.9,0.98,1.68,1.66,2.58,3.34,1.64,2.64,0.6,0.66,0.66,0.68,0.83,4.18,0,2.82,1.82,1.82,2.78,0,2.34,1.62,2.48,1.82,3.67,1.14,0.56,1.48,0.78,2,2.88,1.58,0.5,1.64,1.68,2.28,0.38,6.68,2,1.5,1.94,1.68,1.24,6.76
70,-89.031062,30.428137,convience,0,1.38794,0,0,2.034,3.098,2.25759,1.93,0,1.522,1.524,1.5448,0,0,1.82847,0.842,0,2.2374,0,0,0,0,0,2.25775,2.402,2.794,2.272,1.882,0,2.752,1.99,4.3,0,2.054,1.6474,0,0,0,1.40125,3.634,3.802,3.836,0,3.02197,0,0,0,0,0,0,2.96435,0,0,1.482,0.999099,0,0,1.356,0,0,3.594,0,1.792,3.422,2.65453,2.7925,2.406,2.80863,2.692,3.178,0,0.939487,1.036,0.916,3.04602,1.658,1.186,1.574,0,0,2.04042,0.546431,3.416,1.696,2.588,0,0,0,0
71,-89.01046,30.40126,grocery,0,1.3296,0,1.87369,1.05509,0,0,0,2.83617,0,1.0094,2.676,0,1.288,1.776,0,0,1.694,0,1.7066,1.292,0,0,0,1.01876,1.65601,1.784,1.45443,2.248,2.30741,0,0,2.64071,2.19,1.196,1.60975,1.95853,3.24732,1.26,0,3.554,4.10987,1.80741,0,1.106,3.772,0,2.06,2.044,2.63386,3.17698,1.528,0,0.772,0,0,1.536,1.414,0,3.622,3.034,1.562,1.562,2.592,0,0,2.08881,2.464,1.606,2.5386,1.788,0,1.44827,1.574,2.12288,1.894,1.59021,1.29675,2.224,2.912,1.61,0.375026,5.59547,0,1.944,1.812,0,1.302,4.808
72,-89.081534,30.449465,grocery,0,0,0.584,0,0.626644,0.606086,0,1.236,0,0,0,0,2.454,0.976,1.51,0,0.684,1.898,0,0,1.276,0,1.13,2.412,1.00504,1.46598,1.922,0,2.026,0,1.474,2.31,2.55655,0,1.084,0,1.99947,2.98174,1.148,3.4,3.46,3.67829,1.76196,3.22492,1.094,3.37,2.046,0,1.976,2.67135,2.27624,1.64936,3.34483,0.806,0,0.796,1.30656,0,2.471,2.864,2.932,1.384,1.452,2.084,1.9,2.50421,1.92878,0,1.506,1.96781,0,0.698,2.23668,1.048,2.01607,1.628,1.85584,2.08695,1.784,2.034,1.274,0.418154,2.12343,0,1.82,1.614,1.994,1.25109,4.378
73,-89.080104,30.44946,grocery,85,1.09,0.58,1.86,0.6,0.6,0.78,0.95,2.88,1.78,0.88,2.48,2.97,0.72,1.69,0,0.58,1.33,0,1.66,0.98,0.98,1,2.27,0.98,1.34,1.28,2.04,1.5,2.38,1.93,1.78,2.37,1.74,1,1.48,2,3.12,1,3.19,3.19,4.28,1.76,3.22,0.98,2.6,0.98,1.68,1.92,0,2,1.64,3.33,1.22,0.66,0.66,1.22,2.83,2.18,2.72,2.74,1.78,1.78,2.78,1.72,2.5,1.88,2.48,1,1.88,1.14,0.58,2.28,2.14,2,2.98,1.88,2.12,1.98,1.64,0.5,0.38,1.76,1.83,1.5,1.62,1.68,1.24,6.98
74,-89.086611,30.450446,grocery,0,0,0,0,0,0.633808,0.773426,1.236,2.80143,1.77862,0,2.288,2.454,0.976,1.51,0,0.684,1.898,0.423667,1.69444,1.276,1.00345,1.13,2.412,1.12055,2.04163,1.922,2.05937,2.026,0,0,2.31,2.57222,1.912,1.084,1.48516,0,2.95149,1.148,0,0,3.46823,1.77158,0,1.094,0,0,0,1.976,0,2.70492,1.68365,3.41072,0.806,0,0,0,0,0,2.864,2.932,1.384,1.452,2.084,1.9,2.52504,2.2533,2.464,1.506,2.31553,1.788,0.698,2.04535,1.048,2.08655,1.628,1.75693,0,1.784,0,1.274,0.588098,2.10988,1.658,1.82,1.614,1.994,0,4.378
75,-89.099561,30.45078,grocery,40,0,0,0,0,0,0,0,0,0,0,0,0,1.99,1.99,0,1.19,3.29,0,0,0,0,0,0,1.39,3.39,2.79,0,0,1.29,0,4.99,4.49,3.29,1.59,0,1.99,0,1.59,3.79,3.79,2.39,0,0,1.59,0,0,0,0,0,3.99,1.29,0,0.99,0,0,1.99,1.39,0,3.49,4.29,0,0,1.49,2.69,0,3.49,0,1.89,0,0,1.29,1.59,1.59,0,1.59,1.59,1.59,1.59,0,1.59,0.99,0,0,3.59,0,0,1.19,0
76,-89.0275,30.3986,superstore,0,1.15667,0.926667,0,0,0,1.368,1.36162,0,1.637,1.3384,1.42188,1.912,1.1628,1.76585,0.96,1.078,1.69,0.593,0,0,1.97083,1.99413,2.97454,1.455,2.9925,1.77333,1.78064,3.24651,0,1.05282,3.44,2.93,1.9175,1.25437,2.17092,0,0,0,0,4.134,3.602,1.78738,0,1.3156,0,0,0,1.90844,0,3.24298,2.31042,6.38019,0,0,1.33753,1.4775,1.41414,0,2.538,3.8375,2.036,2.5132,2.98,2.916,0,1.74398,2.65513,0,1.7,1.79086,0,1.182,0,0,0.499813,0,2.9592,0,1.963,2.97759,0.683902,0,1.25005,0,2.232,0,0,3.45
77,-89.08951,30.42442,superstore,0,1.15667,0.926667,2.10667,1.46333,1.08333,1.368,0,2.15333,1.637,1.3384,1.4084,1.912,1.1628,0,0.96,0,1.69,0.593,0,0,3.39631,3.45287,0,0,4.26997,0,0,0,3.85059,0,4.2949,0,1.9175,0,2.17142,3.03886,2.90285,2.194,4.134,4.134,3.602,0,3.58,1.3156,2.72396,0.982,0,0,0,0,0,0,1.218,1.4225,2.24464,0,0,3.365,0,3.8375,2.036,4.73991,2.98,2.916,0,1.5769,0,1.8304,1.7,1.79086,1.2812,1.182,1.19333,3.285,0.500047,1,2.9592,3.43649,1.963,3.60367,1.10269,4.14254,0,1.2375,2.232,1.64,0,3.45
78,-89.10218,30.45789,superstore,29,0,0,0,1.19,0,0,0,0,1.19,0.99,0,1.19,1.12,1,0,0.69,1.89,0,0,0,0,0,0,0,0,0,0,0,0,0,0,0,1.99,0.99,1.69,0,5.89,4.79,0,0,0,0,0,0,0,0,0,0,0,0,2.89,0,0.89,0,0,0,0,0,3.39,0,1.59,0,2.79,2.99,0,1.69,0,0,0,0,0,2.5,0,1.89,0,0,0,0,0,4.29,0.99,1.99,0,1.39,2.19,0,2.19,3.89
79,-89.096795,30.435259,superstore,29,0,0,0,0,0,0,0,0,0,0,0,0,0,0,0,0,0,0.99,0,0,3.69,3.69,3.99,0,5.79,0,0,5.99,3.99,0,5.39,2.75,0,0,3.99,3.99,0,0,0,0,4.29,0,0,0,0,0,0,0,0,0,3.49,0,2.59,0,2.49,2.79,0,0,0,4.99,4.49,6.19,0,4.49,0,1.48,0,0,0,0,2.99,0,0,5.29,0,0,7.29,4.59,0,4.99,1.19,9.29,0,0,4.29,0,0,0
80,-89.444276,30.391924,convience,65,1.29,0.69,2.29,0,1.09,1.09,2.09,0,0.62,0,0,2.49,0.79,1.99,0,0.99,1.39,0,1.79,1.89,1.69,2.39,2.39,2.29,2.29,2.29,1.99,2.69,0,2.09,2.29,2.29,2.49,0.99,1.79,1.69,3.59,0.99,3.89,3.89,1.68,0,1.99,0,2.39,0,2.19,0,0,3.98,1.49,0,1.79,1.89,1.89,1.69,0.99,3.59,2.89,3.29,1.89,2.09,3.59,2.39,0,3.99,2.99,1.79,0,0,0,0,1.19,0,0,1.69,0,0,1.59,1.79,0.49,2.19,1.49,1.39,1.19,2.19,0,1.89
81,-89.445848,30.394482,convience,0,0,0.694926,0,0,2.61556,0,0,0,1.48467,0,1.70246,0,0.846269,1.95071,0,0,0,0,1.79407,0,0,0,0,2.29,0,2.47,2.27133,2.57225,0,0,2.57,2.70397,2.302,1.27634,0,1.54508,3.38175,1.67897,0,4.334,3.56662,2.24183,0,1.25323,3.7464,3.02075,0,0,0,4.34959,2.03,0,1.382,1.20371,1.154,0,0,3.59719,3.492,0,1.55,1.61,2.91,2.37738,0,3.23,0,2.726,0,0,0.942665,1.67109,1.87,0,2.10673,2.21529,2.088,2.40111,2.3296,3.36852,0.489166,0,2.1698,1.602,1.91,2.51,0,0
82,-89.153491,30.351907,convience,0,0,0,0,0,3.098,1.91845,0,2.624,0,0,0,0,0,1.96812,0,0,1.64572,0,0,0,0,2.118,2.41656,1.754,2.474,1.684,0,0,2.752,0,3.072,1.70867,2.04,1.40377,0,1.456,0,1.30544,3.994,3.954,4.284,2.67698,0,0,3.644,2.75,1.65,0,0,2.99352,1.95,5.9775,1.216,0.99522,0,1.292,1.414,0,3.124,3.134,1.384,0,3.274,0,0,2.614,0,2.556,3.178,0,0.828378,1.036,0,0,0,2.314,1.574,0,0,1.7777,0.655902,3.416,2.034,2.074,1.368,0,1.202,2.914
83,-89.14741,30.345265,convience,0,1.5838,0,2.97068,0,3.098,1.92696,1.93,0,0,0,0,0,0,1.92369,0.842,0,1.61062,0,0,0,0,2.118,2.41377,1.754,2.474,1.684,0,0,0,0,3.072,0,2.04,1.38752,1.44,0,2.80842,1.30543,0,3.954,0,2.68444,3.02136,0,0,2.75,1.65,0,2.03987,0,0,0,0,0,0.89,0,1.414,0.833311,3.124,3.134,0,1.592,3.274,2.17277,0,2.614,2.65934,2.556,0,1.83743,0.83253,0,0.916,3.04775,1.658,2.314,0,0,2.062,1.77767,0.659447,0,2.034,2.074,1.368,1.97,0,0
84,-89.157829,30.357484,convience,0,1.58329,0.69,0,0,0,1.91368,0,0,1.522,0,0,0,0.737176,1.97275,0,0.785093,1.65592,0,1.806,0,0,0,2.41759,1.754,2.474,1.684,1.882,2.808,0,0,3.072,0,0,1.40867,1.44,0,2.79344,1.30539,3.994,3.954,4.284,0,3.01451,1.298,0,0,1.65,0,0,2.99353,1.95,0,1.216,0,0.89,0,0,0.626309,3.124,3.134,0,0,3.274,2.17247,0,2.614,0,2.556,0,0,0.825237,1.036,0.916,0,0,2.314,0,2.422,2.062,0,0.646351,3.416,2.034,2.074,1.368,0,1.202,2.914
85,-89.141094,30.354254,convience,0,0,0.69,2.99501,2.07733,3.098,0,0,0,1.522,0,0,2.31,0.736338,1.81274,0.842,0,1.56989,0.682692,0,1.85515,0,0,0,1.754,2.474,1.684,0,0,0,0,3.072,1.70242,0,1.37231,1.44,1.456,2.814,1.30522,3.994,3.954,4.284,0,2.99227,1.298,3.644,0,1.65,0,0,2.99357,1.95,0,1.216,0,0.89,0,1.414,0,3.124,3.134,1.384,1.592,3.274,2.15534,0,2.614,0,0,3.178,0,0,0,0,0,0,2.314,1.574,2.422,2.062,1.77757,0.620059,3.416,0,2.074,1.368,0,1.202,2.914
86,-89.178654,30.362307,convience,0,1.58877,0,2.91251,2.07733,3.098,0,1.93,0,0,1.72371,1.63463,0,0.746424,2.12763,0,0.785399,1.77134,0,1.806,0,0,0,0,1.754,2.474,1.684,0,2.808,0,1.99,3.072,1.70961,2.04,1.46685,0,1.456,0,1.3055,3.994,3.954,0,0,0,1.298,3.644,0,0,0,0,2.99351,1.95,0,1.216,0,0.89,0,0,0,3.124,3.134,1.384,1.592,3.274,2.19313,0,0,0,2.556,3.178,0,0,1.036,0.916,0,0,0,0,0,2.062,1.77769,0.668379,0,0,2.074,1.368,0,1.202,0
87,-89.187117,30.378341,convience,0,1.58626,0,2.90456,0,0,0,0,2.624,0,0,0,0,0.741361,1.91985,0.842,0.78525,1.61525,0,0,1.87919,0,0,0,1.754,2.474,1.684,0,2.808,2.752,0,3.072,1.69188,2.04,0,1.44,0,2.80712,1.30506,0,3.954,4.284,2.64343,3.01218,0,0,2.75,0,2.316,2.0044,2.99363,0,5.9775,1.216,0,0.89,0,0,0.417806,3.124,0,0,1.592,3.274,2.16903,0,2.614,2.65795,2.556,0,0,0,1.036,0.916,0,0,2.314,0,2.422,0,1.77738,0.604545,3.416,2.034,2.074,0,1.97,0,0
88,-89.18677,30.339062,convience,33,0,0.79,0,0,0,0,0,0,0,0,0,0,0,2.69,0,0,2.99,0,0,0,0,0,0,2.59,2.79,2.29,0,0,0,0,6.87,0,2.19,2.39,0,0,2.19,2.39,0,4.29,5.09,0,5.09,2.19,0,0,0,0,0,1.09,2.09,0,1.79,0,2.09,0,2.29,0,2.99,4.19,0,0,6.09,3.09,0,4.49,0,4.39,0,0,0.79,0,0,0,0,1.29,0,0,0,2.59,0.79,0,0,4.49,0,3.09,0,3.39
89,-89.153332,30.350259,grocery,0,1.2696,0,0,1.6677,0.972019,0.591291,1.236,1.19333,0,0.659958,2.288,2.454,0.976,1.51,0,0.684,1.898,0.423667,0,1.276,0,0,0,0,4.26396,1.922,0,0,2.41957,1.474,2.31,2.32525,1.912,1.084,1.33249,2.28445,0,1.148,3.4,3.46,0,0,3.17201,1.094,3.37,0,0,1.976,2.76313,2.99437,1.75134,4.29347,0.806,0,0.796,0,1.676,3.0921,2.476,2.932,1.464,1.532,2.084,0,0,1.4064,2.536,1.506,2.5386,0,0.698,0.30923,1.048,2.53945,0,0.454447,0.727834,0,1.208,1.274,0.320615,0,1.454,1.82,1.556,0,1.302,0
91,-89.153332,30.350259,superstore,0,0,0,0,0,1.08333,1.368,0,2.15333,1.637,0,1.38681,1.899,1.1628,1.766,0,1.078,1.69333,0,1.45747,2.05333,0,0,0,1.288,2.9925,1.77333,1.935,3.86776,0,0,3.49,2.93,1.9175,1.09273,2.1695,1.6775,3.102,2.2348,3.948,3.948,3.53,0,0,0,2.76958,0.982,2.11,0,2.578,3.3068,2.39973,0,1.2436,1.329,0,1.495,0,3.4,2.4276,0,2.036,2.5132,2.96433,3.03033,2.84,1.87454,0,1.9228,1.7,1.79086,1.2812,1.304,0,3.285,0,0,2.9592,2.386,0,2.89408,0.758634,4.14189,0,1.107,0,0,1.72986,0
92,-89.146927,30.35301,grocery,70,1.2,0.49,1.66,1.98,0.99,0.59,1.33,1.05,1.5,0.49,1.05,2.95,0.43,0.43,0.232,0.49,2.56,0,0,1.25,1.19,0.88,1.66,3.58,4.98,1.98,2.94,1.38,2.49,0,1.22,0.75,1,0.83,0,0,1.6,0.83,2.98,3.12,2.98,0,3.12,0.94,2.78,0.89,1.14,2.35,0,3.03,2.15,4.33,0.62,0,0,0,2.5,0,1,1.99,0.4,0.74,0.59,0,0,0.96,0,1,0,0,0.5,0.22,0.23,0,0.19,0.2,0.69,0.59,0.24,0.32,0.31,0.43,0.19,0.67,1,2.44,0,1.89
93,-88.550261,30.403466,convience,0,0.982311,0,0,1.97933,0,1.04248,0,0,2.08467,0,0,0,0,1.72319,0,1.02129,1.48177,0,0,1.46696,0,0,1.92082,1.544,1.866,0,2.55267,0,0,1.392,2.372,2.50181,0,0,1.624,1.74,0,1.64279,3.65,3.65,2.732,0,3.2997,1.278,3.1728,0,0,0,2.15085,4.2819,0,4.2575,1.066,0,0,0,0,0,2.6,2.942,1.98,0,0,2.14672,0,0,2.31235,2.552,2.4236,0,0.630725,0,1.54167,1.9792,0,0,0,0,2.0532,1.72715,0.486389,0,1.3838,1.872,1.856,1.768,0,4.27
93,-88.455451,30.424262,convience,47,0.79,0,0,0,0.79,1.89,1.69,0.89,1.49,0,0,2.29,0,2.69,0,1.19,0,0,0,0,0,0,0,2.79,2.99,2.79,0,2.29,0,1.49,5.69,4.89,2.99,2.99,0,0,2.79,2.19,4.59,4.59,0,0,0,1.99,0,0,0,0,0,5.59,2.39,0,1.69,0,0,0,1.49,3.79,4.55,1.99,1.69,1.69,2.69,1.69,0,3.39,0,4.5,0,2.59,0.79,0.99,0,0,0.9,1.19,0,0,0,0.99,0.79,1.59,0,1.95,1.69,0,1.39,0
94,-88.519875,30.398797,convience,0,0,0,0,0,0,1.09857,0,0,0,0,0,0,0,2.1702,0.780572,1.02169,1.55064,0,1.594,0,0,0,1.92406,1.564,1.866,1.782,2.55267,2.4145,3.048,1.392,3.01,3.0832,2.226,1.67908,0,1.79508,2.39451,1.62362,3.77,3.77,2.732,1.62109,3.29683,1.27923,3.1728,0,1.82,0,0,4.28202,0,0,1.006,1.10284,0,0,1.10646,0,3.012,2.742,1.98,2.08462,2.778,2.11073,0,2.496,2.2058,2.552,0,0,0.673766,0,0,2.00217,1.57873,2.46543,0,0,2.0532,1.48824,0.831228,4.019,1.3838,2.062,0,1.97871,0,0
95,-88.556932,30.411015,convience,0,0,0.635554,0,1.97933,2.05756,0,1.95222,1.956,0,0,2.22366,0,0,1.68873,0,1.02105,1.50188,0.591631,0,0,1.602,1.6495,0,1.544,0,1.762,0,0,3.048,0,2.372,2.46689,2.226,1.45915,0,0,2.56126,1.64299,3.65,3.65,0,0,3.29762,1.278,3.1728,0,1.82,2.664,0,4.28191,1.92,0,1.066,0,1.22271,1.75,1.10646,0,2.6,2.942,1.98,2.182,3.438,2.14725,2.693,2.416,0,0,0,0,0,1.29309,0,0,0,2.46543,0,0,0,1.7271,0.466098,4.019,0,1.872,1.856,1.768,0,0
96,-88.53544,30.389781,convience,0,0,0,0,1.97933,0,1.06112,1.95222,0,2.08467,0,2.22366,2.95667,1.04356,0,0.780572,1.02175,1.45878,0,0,1.46384,0,0,1.93093,1.564,1.866,1.782,0,2.4145,3.048,0,2.372,0,2.226,1.58711,1.624,1.79508,2.64291,1.62301,3.65,3.65,0,0,3.30457,1.27923,0,2.3375,0,2.664,0,0,1.92,0,1.006,1.10163,1.22271,1.75,1.10646,3.86993,3.012,2.742,1.98,0,2.778,2.15143,2.693,0,2.19872,2.552,0,0,0.656588,0,1.54167,0,0,2.46543,0,0,2.0532,0,0,4.019,1.3838,1.872,1.736,0,0,0
97,-88.545649,30.433394,convience,0,0,0,2.2623,0,0,0,1.95222,0,2.08467,0,2.22366,2.95667,1.33663,1.68412,0,1.02051,1.48144,0,0,1.48965,1.602,0,1.89646,1.544,1.866,1.762,2.55267,0,3.048,1.392,2.372,2.42315,2.226,1.44182,0,1.74,2.66769,1.64376,3.65,3.65,2.732,0,3.28397,0,3.1728,2.3375,0,2.664,0,4.28202,1.92,4.2575,1.066,0,1.22271,0,0,4.1415,2.6,2.942,0,2.182,3.438,2.16491,0,2.416,2.32448,2.552,0,0,0.608853,0,1.54167,1.96507,1.57873,0,0,0,2.0532,1.72723,0.526224,4.019,0,1.872,1.856,1.768,1.17,0
98,-88.545649,30.433394,convience,0,1.0047,0.635554,2.2623,1.97933,2.05756,1.05217,1.95222,0,0,0,2.22366,0,0,1.68412,0,1.02051,1.48144,0,1.57715,0,0,0,1.89646,1.544,1.866,0,2.55267,0,0,0,2.372,2.42315,0,1.44182,0,0,0,1.64376,0,3.65,0,0,0,1.278,3.1728,0,0,0,0,4.28202,1.92,0,1.066,1.10263,1.22271,0,1.10646,4.1415,2.6,2.942,0,2.182,3.438,2.16491,0,2.416,2.32448,2.552,2.4236,0,0.608853,0,0,1.96507,1.57873,0,0,0,2.0532,1.72723,0.526224,0,0,1.872,0,1.768,0,0
99,-88.509244,30.398905,convience,35,0,0,0,0,0,0,0,0,0,0,0,0,1.49,2.49,1,0,1.69,0,0,0,0,0,0,1.59,1.59,1.59,0,0,0,1.99,4.49,4.79,0,1.79,0,1.99,1.49,1.79,3.19,3.19,0,0,0,1.49,0,0,0,0,0,0,0,0,1.49,1.49,2.69,2.69,0,0,3.79,2.99,0,0,1.99,2.99,0,3.99,0,1.49,0,0,0,0,0,0,0.79,0,0,0.79,0,1.99,0.99,3.49,0,3.49,1.99,0,0,3.19
100,-88.509243,30.398081,convience,0,0,0,0,0,2.05756,1.12572,1.95222,0,2.08467,0,0,0,1.46055,2.37973,0,0,1.58631,0,0,0,0,0,1.92658,1.564,1.866,1.782,0,0,0,0,3.01,0,2.226,1.70529,1.624,0,0,1.62392,0,3.77,0,1.65303,3.29674,1.27923,0,2.3375,0,0,0,0,1.92,0,1.006,0,0,1.75,0,3.88392,3.012,2.742,1.98,2.08462,2.778,2.13185,0,2.496,2.2087,2.552,2.4236,1.96943,0.691522,0,0,2.01256,0,0,1.382,1.54911,0,1.48834,0.982188,4.019,1.3838,2.062,0,1.97871,0,4.16954
101,-88.498774,30.412907,convience,0,0,0.635554,2.28142,0,0,0,0,0,2.08467,0,2.22366,0,1.53533,2.38587,0,0,0,0,0,1.50127,0,0,0,1.564,1.866,1.782,0,0,3.048,0,3.192,3.37546,0,1.69501,1.624,0,2.49268,0,3.99,3.99,2.732,0,3.29129,1.27923,3.1728,0,0,0,0,4.28216,0,4.2575,1.006,1.10362,0,1.75,1.10646,3.92257,3.012,2.742,0,2.08462,2.778,2.27036,2.693,2.496,2.21567,2.552,0,1.96943,0.720409,1.29309,0,0,1.57873,0,0,0,0,1.48813,0.893775,4.019,0,2.084,1.736,0,0,4.16954
102,-88.531246,30.448661,convience,12,0,0.495,0,0,0,0,0,0,0,0,0,0,1.69,1.69,0,0,0,0,0,0,0,0,0,0,0,0,0,0,0,0,1.29,1.29,0,0,0,0,0,0,4.49,4.49,1.49,0,1.79,0,0,0,0,0,0,0,0,0,0,0,0,0,0,0,0,0,0,0,0,2.79,0,0,0,0,1.79,0,0,0,0,0,0,0,0,0,0,0,0,0,0,2.19,0,0,0,0
103,-88.541369,30.455985,convience,82,0.99,0.79,1.99,2.99,1.99,0.99,2.19,1.79,2.99,2.29,2.99,4.69,1.2,1.39,0,0.69,1.29,0,1.19,1.39,1.39,1.39,1.69,1.09,2,0.88,3.09,3.49,3.79,1.29,1.99,2.19,1.79,1.19,1.69,1.39,3.49,1.79,3.69,3.69,3.89,1.89,3.99,0.89,2.79,1.59,1,2.5,0,5.39,1.89,4.79,0.69,0,0.65,1.59,0.99,4.29,1.69,2.99,1.19,3.49,3.77,1.5,2.9,1.92,1.99,1.39,2.69,1.69,0.59,0.99,0.99,0.99,0,4.99,0.99,0.99,0.99,0.5,0.5,0,0.39,1.79,1.29,1.99,1.49,2.89
104,-88.551852,30.485464,convience,0,0,0,2.34791,1.97933,2.05756,1.06163,0,0,2.08467,1.39343,0,0,1.26994,1.53186,0,1.02026,1.52539,0,1.594,1.5224,1.602,0,0,1.544,1.866,1.762,0,0,0,0,2.272,2.34998,2.226,0,1.624,1.74,2.60506,1.6449,4.23,4.23,0,1.96374,0,0,3.1728,0,0,0,0,4.28188,1.92,0,1.066,1.10336,0,1.75,1.10646,4.19975,2.6,2.942,1.98,2.182,3.438,2.47666,2.693,2.416,0,2.552,2.4236,0,0.767605,1.29309,0,0,1.57873,2.46543,0,0,2.0532,1.72798,0.589662,0,0,2.052,1.856,1.768,0,0
105,-88.515007,30.48756,convience,30,0,0,0,0,0,0,0,0,0,0,0,0,0,1.09,0,0,1.99,0,0,0,0,0,0,2.69,0,2.69,0,0,0,0,1.09,0,2.59,2.09,0,0,1.99,2.29,5.79,5.79,2.19,0,0,0,0,0,0,0,0,1.69,2.69,1.59,1.99,0,0,1.59,0,0,2.49,2.99,3.29,0,5.99,2.99,0,2.99,0,0,0,0,0.99,0,0,0,0,0,0,0,0,2.19,0.89,0,0,1.79,2.29,1.29,0,1.99
106,-88.505448,30.487433,convience,0,0,0,0,0,2.05756,0,1.95222,0,0,1.39343,0,2.95667,1.51168,1.40136,0.780572,0,0,0,1.63512,0,0,1.6495,0,1.95,1.866,2.168,0,0,0,0,2.512,2.95321,0,1.92465,1.624,1.79508,2.42897,1.90612,4.51,4.51,0,0,3.30269,1.27923,0,0,0,0,0,4.28182,1.92,0,1.29,0,1.22271,0,1.10646,4.11191,3.204,2.89,1.98,0,3.642,2.2696,0,2.836,0,2.552,0,1.81686,0,1.29309,1.54167,2.03344,0,2.46543,1.42119,0,0,1.63293,0.826299,0,0,1.744,0,1.97871,0,0
107,-88.519059,30.472673,convience,81,1.49,0.69,2.995,2,4.49,0.79,1.49,1.29,1.99,1,2.79,2.99,1.67,1.67,0,1.07,1.67,0,1.99,1.79,1.79,1.79,1.5,1.59,1.59,2.89,2.99,0,3.79,1.19,2.5,2.35,1.69,1.47,1.8,2.79,2.99,1.47,3.99,3.99,2.49,1.79,3.69,0,3.68,3.82,3.12,3.19,1.99,5.49,1.49,5.99,0.59,0,1.09,1.39,0.99,4.19,3.5,3.49,1.79,1.79,3.77,2.17,0,1.89,2.75,2.5,2.5,0,0.89,2.39,3.09,2.49,3.59,2.89,2.15,3.15,4.45,2.49,0.39,7.095,1.39,1,2.33,2.77,1.59,8.99
108,-88.553589,30.50137,convience,0,0,0.635554,2.36281,0,2.05756,0,0,0,2.08467,0,0,0,1.26406,1.58461,0.780572,1.02029,1.5326,0.623461,1.594,0,1.602,1.6495,1.89683,1.95,1.866,2.168,2.55267,0,0,0,2.272,2.8259,2.226,1.93067,0,0,2.52841,1.90584,4.23,4.23,0,0,3.30653,0,0,2.3375,1.82,2.664,0,4.28182,0,4.2575,1.29,0,1.22271,0,1.10646,4.15169,0,2.89,1.98,2.182,3.642,2.49394,0,2.836,2.3572,0,0,1.96943,0.819955,0,1.54167,0,0,2.46543,1.382,0,0,1.63247,0.715219,4.019,1.3838,2.052,1.918,1.768,0,4.27
109,-88.49249,30.658704,convience,0,0,0.635554,0,0,2.05756,0,1.95222,1.956,2.08467,1.39343,0,0,0,1.53213,0,1.02045,1.7398,0,0,0,0,0,0,2.04381,2.12378,2.26158,2.55267,0,0,0,1.98695,2.78084,2.25176,1.87699,0,1.79508,2.81461,1.8558,0,4.41182,2.69662,0,0,0,3.1728,2.3375,0,0,0,4.3967,2.07347,0,1.2608,1.10509,1.22271,0,1.10646,3.64542,3.0845,2.95147,0,0,0,2.37577,2.693,2.57332,2.27851,2.47756,2.4236,1.96943,0,1.29309,0,0,1.57873,2.46543,0,1.54911,2.0532,0,0.988373,0,0,1.74418,0,0,1.2092,4.16954
110,-88.572733,30.671859,convience,0,0,0,0,0,2.05756,1.16248,0,0,2.08467,0,0,0,1.42142,1.53213,0,1.02022,0,0.623461,0,0,1.602,0,2.0026,2.04381,2.12378,2.26158,2.55267,0,3.048,1.5302,1.98695,2.76105,0,1.87699,1.624,1.79508,2.81461,0,4.42311,4.41182,2.69662,0,0,0,0,0,1.82,0,0,4.39678,0,4.2575,0,0,1.22271,0,0,0,3.0845,2.95147,1.926,2.08462,3.8472,2.37577,0,2.57332,0,0,2.4236,1.96943,0.905678,0,1.54167,2.11151,1.57873,0,0,0,2.0532,1.68249,0.938693,0,0,1.74418,1.85212,1.97871,1.2092,4.16954
111,-88.50934,30.40762,convience,0,1.04684,0,0,0,2.05756,0,1.95222,0,0,0,0,2.95667,1.50148,2.33215,0,1.02167,0,0,1.594,0,0,1.6495,1.9188,1.564,1.866,1.782,0,2.4145,0,0,3.01,0,2.226,1.69876,1.624,0,2.36099,0,3.77,3.77,2.732,0,3.29219,1.27923,0,0,0,2.664,0,4.2821,1.92,0,1.006,1.10345,1.22271,1.75,1.10646,0,3.012,2.742,0,0,0,2.12535,0,2.496,2.21141,2.552,0,1.96943,0.695261,1.29309,0,2.00905,1.57873,2.46543,0,0,2.0532,1.48824,0.916924,0,1.3838,2.062,1.736,1.97871,1.2092,4.16954
112,-88.446546,30.396402,convience,0,0,0,0,0,2.05756,0,0,1.956,2.08467,1.39343,0,2.95667,0,2.28806,0.780572,0,1.52052,0,0,0,1.602,0,0,1.564,0,1.782,0,0,0,1.392,3.112,3.40643,2.226,1.75726,0,0,2.72166,1.62508,3.83,3.83,2.732,1.78304,0,1.27923,0,0,1.82,0,0,0,0,0,1.006,1.10368,0,0,1.10646,0,3.012,2.742,1.98,2.08462,2.778,2.17131,0,0,2.22608,2.552,0,0,0.766693,1.29309,0,2.07636,1.57873,2.46543,0,1.54911,2.0532,1.48764,0.817168,0,1.5216,1.904,1.736,1.97871,0,0
113,-88.541528,30.456477,grocery,42,1.29,0.69,0,1.9975,0.9,1.99,0.99,2.79,0.99,1.99,1.99,0,0,2.19,1.09,1.59,3.09,0.89,0,0,0,0,0,1.59,2,2.89,2.59,0,0,0,0,0,3.28,0.59,0.59,0,3.49,1.69,4.89,4.89,0,0,0,0,0,0,0,0,0,0,1.89,0,1.19,0,1.19,0,0,0,2.39,3.89,1.09,1.5,2.39,0,0,2.79,0,1.39,0,1.89,1.09,0,0,0,0,0,0,0,0,0,0.69,0,0,1.59,2.49,0,0,3.99
115,-88.494528,30.401107,grocery,0,0,0.616,0,1.42871,1.32175,1.73529,1.2715,0,1.53001,0,2.192,2.48686,0.900182,1.50467,0,1.03073,1.72033,0,0,0,1.4618,1.32114,2.4355,1.34902,2.42948,1.73533,2.25426,2.599,2.96506,1.40733,1.966,0,2.21467,0.957333,0.871322,1.14835,3.66684,1.24433,4.1024,3.97,2.95439,0,3.3749,1.01291,0,2.4815,0,0,0,3.33312,1.98523,0,0.81,0.795566,0.8084,1.37089,0,3.18815,2.22582,2.96267,1.27036,1.49782,2.327,1.60867,3.01204,2.01474,2.56956,1.7324,2.583,1.678,1.28067,0.823733,0.926727,2.303,0.938,1.04996,1.39616,2.81233,0,0,0.557402,2.86215,2.98,2.12231,1.77582,1.92156,0,4.09683
116,-88.719986,30.400945,convience,0,0.965715,0,0,0,0,0,0,0,2.122,0,2.15583,0,1.62416,1.75196,0.780572,0,2.19468,0,0,0,1.554,1.59875,1.79366,2.424,0,1.742,0,0,2.626,1.392,3.968,3.64601,2.166,0,1.628,1.74,0,1.48359,3.63,3.83,0,0,0,1.278,0,0,0,0,0,3.88173,0,0,0,0,0,0,0,0,3.338,3.482,0,0,2.686,2.6597,0,2.1884,2.44631,2.168,2.338,0,1.60395,1.214,1.264,2.2188,0,2.514,0,1.57,2.2416,1.85106,2.59408,4.019,0,2.266,1.598,1.768,0,0
117,-88.8637,30.49491,convience,0,0,0,0,0,2.54,1.87002,0,0,0,0,0,0,0,1.68921,0,0.868447,2.12827,0.593845,0,0,0,0,0,2.47,2.624,1.99,0,0,0,0,4.05,3.80063,2.018,1.206,0,1.482,3.21321,1.25846,3.71,3.91,3.514,0,0,1.012,2.882,2.108,1.782,0,0,3.77365,1.498,0,1.522,0,0.684,1.59,1.006,0,3.63,3.502,1.472,2.082,2.91,2.75055,0,0,0,2.092,0,1.782,0,0,0,0,0,0,1.068,0,1.944,2.12255,1.14997,3.521,1.296,2.386,0,0,0,4.262
118,-88.82603,30.416011,convience,30,0,0,0,0,0,0,0,0,0,0,0,0,1.99,1.99,0,0,2.99,0.79,0,0,0,0,0,2.99,3.49,2.59,0,0,0,0,1.88,4.29,0,1.49,0,1.29,0,1.49,3.99,4.29,0,3.99,0,1.29,0,0,0,0,0,0,0,0,0,0,0,0,0,0,4.79,0,2.29,2.29,2.79,0,0,0,3.29,3.99,0,2.59,0,0,0,0,0,0,0,0,0,1.29,0,0,1,1.49,1,1,0.99,4.29
119,-88.818662,30.416421,convience,0,1.07228,0,2.85841,0,0,0,0,0,2.122,1.726,0,0,1.87531,2.01814,0,0,2.67994,0,0,0,1.558,0,1.78418,2.47,2.286,0,0,0,2.626,1.332,4.05,0,0,1.3427,1.628,1.64,2.90203,1.35978,3.55,3.91,3.212,0,0,0,0,0,1.782,0,2.17667,0,0,0,0,1.05403,1.142,0,1.006,0,3.63,3.422,1.68,0,2.91,2.90786,2.7925,1.7684,2.50203,2.128,0,0,0,0,0,0,0,0,0,0,1.944,2.04724,2.77102,4.019,0,2.386,1.43,1.664,0,0
120,-88.829762,30.432268,convience,21,0,0,0,0,0,0,0,0,0,0,0,0,0,2.49,0,0,4.39,0.99,0,0,0,0,0,2.59,0,2.89,0,0,0,0,4.99,4.99,2.69,0,0,0,0,0,3.19,3.19,0,0,0,0,0,0,0,0,0,3.59,0,0,2.09,0,0,1.49,0,0,4.99,5.79,0,0,2.99,3.49,0,0,0,1.19,0,0,1.69,0,0,0,0,0,0,0,0,0,1.49,0,0,2.97,0,0,0,0
121,-88.838429,30.442937,convience,0,1.08663,0.620996,0,0,0,1.80118,0,0,2.122,0,2.168,3.028,1.65155,2.17553,0,0,2.7567,0.826678,0,0,0,1.6,1.78051,2.47,2.286,1.622,2.122,2.586,0,1.332,4.05,4.14558,2.018,0,0,0,3.21321,1.25892,3.71,3.91,3.514,0,2.67425,1.012,0,0,1.782,0,0,0,1.498,4.904,1.526,0,0,1.59,1.006,3.30932,3.63,3.422,1.472,0,2.91,2.92048,0,0,2.50442,1.83,0,0,1.62738,1.116,0,0,0,2.426,1.068,0,1.944,1.85447,1.42215,3.521,0,2.386,0,0,0,4.262
122,-88.833573,30.438539,convience,0,1.08329,0,0,0,2.54,1.78678,0,0,0,0,0,0,1.70561,0,0.592,0.86964,2.92481,0,0,0,0,1.6,0,2.47,2.286,1.622,2.122,0,2.626,1.332,4.05,0,0,1.23334,1.628,1.482,3.21321,1.259,3.71,3.91,0,3.81719,2.67425,0,2.882,2.108,0,0,0,3.77377,1.498,0,1.526,0,0,1.59,0,3.28649,3.63,3.422,1.472,2.082,2.91,2.93239,0,1.7604,2.50388,0,0,0,1.65654,1.116,1.264,0,0,2.426,1.068,1.57,1.944,1.85461,1.44552,0,0,2.386,1.174,1.46,0,4.262
123,-88.82768,30.416421,convience,13,0.89,0,0,0,0,0,0,0,0,0,0,0,0,0,0,0,0,0,0,0,0,0,0,2.99,0,0,0,0,0,0,5.69,4.99,0,0,0,0,0,0,0,4.39,0,0,0,0,0,0,0,0,0,0,0,0,1.99,0,0,0,0,0,2.69,0,0,0,2.99,3.49,0,0,0,0,0,0,1.69,0,0,0,0,0,0,0,0,2.99,2.99,0,0,2.99,0,0,0,0
124,-88.809766,30.413561,convience,0,0,0,0,2.07367,0,0,0,0,0,0,2.15583,3.028,1.77908,1.94077,0,0.870602,2.47345,0.694076,0,0,1.554,1.59875,0,2.47,2.286,1.622,0,2.65025,2.626,1.332,0,0,1.986,1.32793,0,1.64,2.90203,1.35979,3.55,3.91,3.212,3.86638,3.36637,1.08,0,0,1.731,0,0,4.22063,1.716,4.432,1.502,1.05397,0,1.59,0,0,3.63,3.422,1.68,2.29,2.91,2.88927,0,0,2.49393,2.128,0,0,0,0,0,0,1.846,2.426,0,1.57,0,2.0474,2.74773,4.019,1.296,2.386,0,0,0,0
125,-88.750698,30.407583,convience,0,0,0,0,0,0,0,1.962,2.096,0,0,2.15583,0,1.5474,1.75159,0,0.977168,2.1973,0.590144,0,0,0,1.59875,0,2.424,2.206,2.002,2.31133,2.65025,0,1.392,3.968,3.83306,2.166,0,0,0,0,1.48363,3.63,3.83,2.732,0,0,1.278,0,0,0,2.686,2.17667,3.88166,0,0,1.466,0,1.142,1.59,1.044,4.23715,3.338,3.582,0,2.182,2.686,2.64592,0,2.1884,2.46975,2.168,0,1.782,1.66901,1.214,1.264,0,1.926,2.514,0,0,0,1.85211,2.66665,0,1.296,2.266,1.598,1.768,1.17,4.27
126,-88.710949,30.354922,convience,21,0,0,0,0,0,0,0,0,0,0,0,0,1.99,0,0,0,1.79,0,0,0,0,0,0,2.79,2.79,0,0,0,0,0,5.69,0,0,0,0,0,0,0,4.39,4.39,0,0,0,0,0,0,0,0,0,0,0,0,1.99,0,0,1.99,0,0,2.69,3.39,0,0,2.99,3.49,0,1.852,2.65,1.39,0,0,1.69,0,0,0,0,0,0,0,0,2.99,2.99,1,0,2.99,0,0,0,0
127,-88.820579,30.416094,grocery,0,1.3096,0.608,1.98985,0,2.47004,0.984378,0,0,2.49652,1.63019,2.48,0,1.268,1.65,0,0.866,0,0.432,0,1.394,0,1.252,2.642,1.18914,2.26192,1.426,2.37823,2.466,4.18421,0,1.918,2.11143,1.94,1.234,1.99619,0,2.63027,1.346,3.902,3.754,4.13312,0,4.00619,0,3.79,2.148,0,0,0,0,1.30974,0,0.648,0.849259,0.782,1.50951,0,0,3.262,2.786,1.584,0,2.894,1.66,3.19064,1.25035,0,1.686,0,1.858,0.698,1.19354,1.596,1.03481,1.498,1.4825,1.26235,2.68,2.822,0,0.392216,8.74062,3.066,2.144,0,0,0,4.944
130,-88.782964,30.412656,grocery,0,1.348,0.63,1.9665,1.46087,1.81532,1.12334,1.274,1.70379,2.23566,1.71425,2.39,2.27,1.214,1.506,0.661,0.88,1.294,0.542,0,0,1.40101,1.252,2.638,1.16672,2.10169,1.42,2.23768,0,0,1.298,1.952,2.03065,1.952,1.234,1.85674,1.59627,2.79721,1.346,4.256,3.83,3.91055,2.02068,3.7851,1.004,0,2.07,2.022,0,3.11855,3.50895,1.764,4.63306,0.658,0.826186,0.77,1.3,1.294,0,2.864,2.722,1.42,1.52,2.788,0,0,1.79384,2.5,0,0,1.5,1.184,1.10501,0,2.03004,1.498,0,2.06417,2.802,2.526,2.024,0.389117,7.68153,2.916,2.094,1.762,1.98,1.332,4.142
131,-88.819143,30.416116,grocery,85,0.99,0.5,1.99,2,2.5,0.99,1.99,0.99,2.49,1.99,1.5,2.5,1.25,1.29,0,1.19,1.35,0,1.39,1.49,1.49,1.49,1.69,1.19,2.29,1.09,2.39,2.59,4.39,1.05,2.45,2.19,1.39,1.39,1.99,1.69,2.19,1.35,3.49,3.49,3.99,1.99,3.99,0.89,2.69,0.89,1.49,2.95,0,3.69,1.2,4.99,0.69,0.85,0.59,1.49,0.79,4.59,1.69,3.29,1.89,1.89,2.29,1.49,3.19,1.19,2.49,1.29,2.79,1.49,0.59,1.19,1.19,0.99,1.19,1.49,1.19,1.19,1.19,1.99,0.39,8.99,2.69,1.43,1.59,1.99,1.49,2.89
132,-88.55346,30.370828,convience,0,0,0.604871,0,0,0,1.02776,0,1.956,0,0,0,2.95667,0.737016,0,0,0,1.36706,0,0,0,0,1.6495,1.94677,1.564,1.866,1.782,0,0,3.048,1.392,2.372,2.49988,2.226,1.48538,0,1.79508,2.77572,1.6223,3.65,3.65,0,0,0,1.27923,3.1728,0,1.82,0,0,4.28177,1.92,4.2575,1.006,0,1.22271,0,0,3.78022,0,0,1.98,2.08462,2.778,2.10012,0,2.496,0,0,0,0,0,1.19963,1.54167,1.99525,1.57873,2.30924,1.02111,0,2.0532,1.48802,0.305798,4.019,0,1.872,1.736,1.97871,0.738598,4.16954
133,-88.535304,30.389013,convience,0,1.03659,0,2.1952,1.97933,2.05756,1.06079,0,1.956,0,0,0,0,1.0338,1.8226,0,1.02177,1.45541,0,0,0,1.602,0,0,1.564,1.866,1.782,0,0,3.048,0,2.372,2.58404,2.226,1.5831,0,0,2.64711,1.62299,3.65,3.65,2.732,1.54444,3.30505,1.27923,3.1728,0,1.82,0,0,4.2819,1.92,0,0,1.10159,0,0,1.10646,3.8654,3.012,2.742,1.98,2.08462,2.778,2.15001,0,2.496,2.19842,2.552,2.4236,0,0.657132,0,1.54167,1.99498,1.57873,0,0,1.54911,2.0532,1.48812,0.578174,0,1.3838,1.872,1.736,1.97871,1.20388,0
133,-88.80579,30.415086,grocery,8,0,0,0,0,0,0,0,0,0,0,0,0,0,0,0,0,0,0.82,0,0,0,0,0,0,0,0,0,0,0,0,0,0,0,0,0,0,0,0,0,0,0,0,0,0,0,0,0,5.99,0,0,2.5,0,0,0,0,0,0,0,0,0,0,0,0,0,0,1.62,0,0,0,0,0,0,0,0,0,0,0,4.99,0,0,0,0,6.59,4.99,0,0,0,6.99
134,-88.534821,30.381975,convience,0,0,0,2.18536,0,0,0,1.95222,1.956,0,0,0,2.95667,0,1.78986,0.780572,1.02191,1.43018,0,1.54291,0,0,0,1.9374,0,1.866,1.782,2.55267,0,0,0,3.01,2.94719,2.226,1.55369,1.624,1.79508,2.68385,0,0,3.77,0,0,3.30882,0,3.1728,0,1.82,0,2.16848,0,0,0,1.006,1.1013,1.22271,1.75,1.10646,3.82855,3.012,2.742,1.98,0,2.778,2.04894,0,2.496,2.19628,2.552,2.4236,0,0.662166,1.29309,0,1.99894,1.57873,2.46543,0,1.54911,0,1.48812,0.536131,4.019,0,2.062,1.736,1.97871,1.12428,0
135,-88.761411,30.409331,superstore,28,0,0,0,0,0,0,0,0,0,1.99,0,1.99,0,0,1.09,0,1.59,0,0,0,0,0,0,2.29,0,0,0,0,0,0,3.19,0,0,2.69,0,0,1.89,1.99,4.99,4.99,3.99,0,0,1.69,0,0,0,0,0,0,0,0,1.09,1.89,1.69,1.39,0,3.19,3.09,0,0,0,3.19,2.09,0,2.69,0,1.39,0,1.793571,0,0.89,0,0,0,0,0,0,0,2.39,0,0,0,1.89,1.89,0,0,0
136,-88.5485,30.365161,convience,0,1.03009,0.621261,2.15896,0,2.05756,0,0,1.956,0,0,2.22366,2.95667,0.763141,1.56576,0,1.02206,1.37856,0,0,0,1.602,0,0,0,1.866,1.782,0,2.4145,3.048,0,3.01,2.86372,2.226,0,1.624,1.79508,2.77049,1.62236,3.77,3.77,2.732,0,3.31773,0,0,0,0,0,2.17667,4.28178,1.92,0,1.006,0,0,0,0,3.75978,3.012,2.742,1.98,0,2.778,2.01223,0,2.496,2.19306,0,0,1.96943,0,1.27356,0,2.00121,1.57873,0,1.09004,0,2.0532,0,0.333872,4.019,0,2.062,0,1.97871,0.849427,4.16954
137,-88.5478,30.373459,convience,85,0.8,0.54,1.72,0.85,0.44,0.68,2.45,3.52,2.15,0.56,1.48,2.18,0.65,1.39,0,1.16,1.07,0.25,1.39,1.09,1.09,1.3,2,0.76,1.16,0.76,2.29,1.07,1.86,1,1.59,1.76,2.07,0.88,1.48,1.24,2.9,0.88,2.89,2.89,3.6,1.45,3.6,0.73,2.65,1.19,1.51,2.65,0,3.25,1.14,3.8,0.57,0.59,0.59,1.49,0.76,3.78,1.53,2.25,1.94,1.65,1.67,1.35,2.39,1.29,1.25,2.88,2.32,1.15,0.66,0.81,0.85,1.9,0.85,1.11,0.81,0.83,0.85,1.47,0.31,6.92,2.45,0.89,1.38,1.79,0.39,0
138,-88.543216,30.354843,convience,0,1.03281,0.635554,0,0,2.05756,0,0,0,0,1.39343,0,0,0,1.66351,0.780572,1.02213,1.43244,0,0,0,0,1.6495,0,1.564,1.866,1.782,0,0,0,1.392,3.01,2.91513,2.226,0,0,1.79508,2.74639,0,3.77,3.77,2.732,0,3.31794,0,0,0,0,0,0,4.28182,1.92,0,1.006,1.10066,0,0,1.10646,3.73491,3.012,2.742,1.98,2.08462,2.778,2.02249,0,2.496,0,2.552,2.4236,0,0,1.29309,1.54167,0,0,2.46543,1.34246,0,0,1.48804,0.390989,4.019,0,2.062,0,1.97871,0,4.16954
139,-88.548545,30.35175,convience,0,0,0.635554,0,1.97933,0,0,0,0,0,0,0,0,0.884017,1.66372,0.780572,1.0221,1.44301,0,0,0,1.602,0,1.95927,1.564,1.866,1.782,2.55267,0,3.048,0,3.01,0,2.226,1.58437,0,1.79508,2.74182,1.62245,3.77,3.77,2.732,1.57617,0,1.27923,0,2.3375,0,0,0,4.28181,0,4.2575,1.006,1.10059,1.22271,0,0,3.73036,3.012,2.742,1.98,2.08462,2.778,2.02111,0,2.496,0,2.552,2.4236,0,0,1.29309,1.54167,2.0107,0,2.46543,0,1.54911,2.0532,1.48803,0.364312,0,1.3838,2.062,1.736,0,1.2092,4.16954
140,-88.532627,30.354845,convience,0,1.03436,0.635554,0,0,2.05756,0,0,1.956,0,1.39343,2.22366,2.95667,0,1.74155,0,0,1.45343,0.49657,0,0,0,0,0,1.564,1.866,1.782,2.55267,2.4145,3.048,1.392,3.01,2.97195,2.226,1.59741,0,1.79508,2.7375,1.62272,3.77,3.77,0,0,3.31635,0,0,0,0,2.664,0,4.28186,1.92,4.2575,1.006,1.101,0,1.75,0,3.734,3.012,2.742,0,2.08462,2.778,2.03331,0,2.496,0,0,0,0,0.679264,1.29309,0,0,0,0,1.38099,1.54911,0,0,0.470413,0,1.3838,2.062,0,1.97871,0,0
141,-88.526817,30.368462,convience,0,0,0,2.18731,0,0,0,1.95222,0,0,0,0,2.95667,0.9754,0,0.780572,0,1.45208,0.474666,0,0,0,0,1.94823,1.564,1.866,1.782,2.55267,0,3.048,0,3.01,3.00534,0,1.58675,0,1.79508,2.70783,1.62292,3.77,3.77,2.732,1.55124,0,1.27923,3.1728,0,0,0,0,0,1.92,4.2575,1.006,0,1.22271,1.75,1.10646,0,3.012,2.742,1.98,2.08462,2.778,2.04772,2.693,2.496,2.19808,2.552,2.4236,1.96943,0,0,1.54167,2.01252,0,2.46543,1.36615,1.54911,0,1.48812,0.559836,4.019,0,2.062,1.736,1.97871,0,4.16954
142,-88.524891,30.377845,convience,0,0,0.635554,0,0,0,0,0,1.956,2.08467,1.39343,2.22366,0,1.0586,1.91002,0,0,1.47243,0,0,1.46589,0,0,1.94096,1.564,1.866,1.782,2.55267,0,3.048,0,3.01,3.02783,2.226,1.60303,1.624,1.79508,2.62391,1.62309,3.77,3.77,2.732,0,3.30826,1.27923,3.1728,2.3375,1.82,2.664,0,4.28193,1.92,4.2575,1.006,1.10173,1.22271,0,1.10646,3.80939,3.012,2.742,1.98,2.08462,2.778,2.06389,0,0,2.19917,2.552,2.4236,0,0.673727,0,1.54167,0,0,2.46543,0,0,0,1.48816,0.637025,0,1.3838,2.062,1.736,1.97871,0,4.16954
143,-88.520684,30.388987,convience,0,1.03912,0,0,0,2.05756,0,1.95222,1.956,2.08467,0,0,2.95667,0,0,0.780572,1.02186,1.52216,0,0,0,0,0,1.93223,1.564,1.866,1.782,0,2.4145,0,1.392,3.01,3.07572,2.226,1.65105,0,0,2.46863,1.62341,3.77,3.77,0,0,0,0,0,0,0,0,0,0,0,0,1.006,0,1.22271,0,1.10646,0,3.012,2.742,1.98,2.08462,2.778,2.09351,0,2.496,2.20275,2.552,0,0,0.674415,1.29309,0,2.00613,1.57873,0,0,0,2.0532,1.48822,0.769002,4.019,0,2.062,1.736,0,1.2092,4.16954
144,-88.516433,30.385269,convience,0,1.03899,0.635554,2.2185,1.97933,0,0,0,0,0,1.39343,0,0,1.23908,2.11475,0.780572,1.02196,1.53032,0,0,1.47542,0,0,0,1.564,1.866,1.782,0,2.4145,3.048,0,3.01,3.11057,2.226,1.66109,0,1.79508,2.467,1.62348,0,3.77,2.732,0,3.30335,0,3.1728,0,0,0,0,0,1.92,0,1.006,1.1025,1.22271,0,1.10646,3.83654,3.012,0,1.98,0,2.778,2.09445,0,0,2.20351,2.552,0,0,0,0,0,0,1.57873,0,1.382,0,2.0532,1.48823,0.793395,0,0,2.062,0,0,1.2092,0
147,-88.525867,30.366862,grocery,0,0,0.616,1.93302,1.42871,1.34694,1.69759,1.2715,2.20112,1.64583,1.65492,0,2.48686,0.900182,1.46433,0,1.03073,1.66417,0.655333,0,1.52771,1.4618,1.32114,2.4355,1.19498,2.50128,1.62467,0,2.599,0,1.40733,0,1.9053,2.08333,1.01567,0,1.039,3.75129,1.26117,4.1024,3.917,2.7571,0,2.97287,1.01291,0,0,0,3.4015,0,3.33312,1.878,0,0.792,0.795566,0.7662,0,0,2.62096,0,3.04333,1.37218,1.57691,2.3105,1.60867,0,1.89625,2.56956,0,2.583,0,1.21633,0,0.926727,2.68897,0.938,0.964836,0.80037,2.59317,1.1376,1.78927,0.455094,0,2.98,2.052,1.75491,1.92156,0,3.874
148,-88.518159,30.383925,superstore,52,0.99,0.79,1.99,1.2,0.5,0.99,1.25,1.69,2.99,0.76,1.99,1.99,0.99,1.49,0,1.09,1.19,0.29,1.46,1.39,1.39,1.99,0,0,0,0,0,0,0,0,0,0,0,0,0,0,0,0,3.69,3.69,3.77,1.89,3.77,1.39,2.99,0.98,1.69,2.09,2.58,5.39,0,0,0,0,0,0,0,0,0,0,1.09,1.09,3.77,1.39,2.99,1.49,3,1.96,2.69,1.793571,0.59,0.51,2.45,5.31,0,0,8.4,2.35,6.82,2.29,0.49,0,0,0,0,0,0,0
148,-88.52585,30.368714,grocery,0,1.2624,0.616,0,0,0,1.70393,0,0,1.63366,1.65812,0,2.48686,0.900182,1.46433,0,0,1.66417,0,0,1.52771,0,1.32114,2.4355,1.19824,2.49509,1.62467,2.21646,2.599,2.96506,0,1.966,1.9062,2.08333,1.01567,0,1.03993,0,1.26117,4.1024,3.917,2.76247,2.56371,2.98338,1.01291,3.4625,2.4815,1.75286,0,0,3.33312,1.878,4.45735,0.792,0,0.7662,0,1.154,2.62365,2.03491,3.04333,0,1.57691,2.3105,1.60867,3.01204,1.89625,0,1.7324,2.583,0,1.21633,0.600182,0.926727,0,0.938,0.964737,0.807588,2.59317,1.1376,1.78927,0.46016,0,2.98,2.052,1.75491,1.92156,1.35543,3.874
149,-88.551168,30.371863,grocery,50,0,0,0,0,0,0,0,0,0,0,0,0,0.6,1,0,0.65,1.25,0,0,0,0,0,2.25,1.15,2.85,1.25,0,0,0,0,1.95,1.95,1.85,1,1,1,4,1,0,3.6,2.75,0,0,1.15,0,0,0,0,0,3.25,1.9,0,0.65,0,0.6,0,0,2,1,2.5,1,1.5,2.25,2,0,1.85,2.65,0,2,0,2.99,0.5,0.5,3,0.5,0.5,0.5,2.25,0.5,1.85,0.47,1,1.25,1.25,1.5,1.25,0,2.75
150,-88.546003,30.354827,grocery,55,0,0,0,0,0,0,0,0,0,0,0,0,0.6,1.35,0,0,1,0.55,0,0,0,0,0,1.15,2.85,1.25,0,3.29,0,0,1.29,1.29,1.85,1,1,1,4,1,0,3.85,2.5,2.65,2.75,0.95,3,5.5,0,0,3.7,3.25,1.9,0,0.65,0,0.65,0.75,0,2.25,2.45,2.65,1.5,1.5,2.25,1,0,1.85,2.65,2.7,3,0,0.5,0.5,0.5,3,0.5,0.75,0.5,2.25,0.5,1.85,0.4,1,0,1,1.5,0,0,2.75
151,-89.264485,30.379595,convience,0,0,0.69,2.69215,2.07733,0,0,0,0,0,1.72371,0,2.31,1.09037,1.66294,0,1.1011,1.764,0.6796,0,1.92925,2.138,0,0,1.854,0,0,0,0,0,0,3.11,2.20102,2.18,1.356,0,1.516,2.774,0,0,3.894,4.364,0,0,0,3.984,2.75,1.65,2.316,0,3.11598,2.054,5.9775,1.192,0.993684,0.912,1.30673,0,0,3.226,0,0,0,3.114,2.06449,0,0,2.55723,2.718,3.298,0,0.645752,1.416,0,0,1.854,0,1.734,2.422,0,2.15623,0.497936,0,2.034,2.034,1.754,2.682,0,0
151,-89.262567,30.321801,convience,52,0,0,0,0,0,0,0,0,0,0,0,0,0.6,1,0.4,0.65,1.25,0,0,0,0,0,2.5,1.15,2.85,1.25,1.25,0,0,0,1.85,1.85,1.78,1,1,1,1,1,3.85,3.85,2.75,0,0,0,0,0,0,0,0,3.25,1.9,0,1.25,0,0.67,0.6,1.1,2,3,2.65,1.5,1.5,2.25,1,0,1.85,2.65,2,2,0,0.5,0.5,0.5,3,0.5,0.75,0.5,0,0.5,1.95,0.4,2.5,0,1,1.35,0,0,2.75
152,-89.344465,30.409181,convience,0,0,0,0,2.07733,2.61556,0,1.92022,0,1.48467,0,1.63463,2.23867,1.37146,1.80008,0,0,2.24045,0,0,1.95727,0,2.16875,0,2.17,2.41,2.17,2.082,0,3.094,2.0902,0,2.58972,0,1.3824,1.522,1.432,3.26117,1.67029,4.442,4.182,0,0,4.70278,1.432,3.862,0,0,0,0,4.64161,2.03,5.9775,1.424,0,0,0,1.404,3.71298,3.514,0,1.612,1.652,0,2.62744,0,3.002,2.61952,2.726,0,0,0.802909,0,1.752,0,0,2.742,1.892,0,0,3.16182,0.555416,3.872,2.082,1.742,1.782,2.77,0,2.822
153,-89.410957,30.551018,convience,0,1.52308,0,0,0,2.61556,0,1.92022,0,0,0,1.70246,0,0,1.74986,0,0,2.084,0,1.816,0,0,0,2.6245,1.97581,0,1.93558,0,0,3.094,0,2.23695,2.3328,2.31576,1.46511,0,0,2.9075,1.32278,0,3.77582,3.56662,0,3.3314,1.24523,3.7384,3.02075,0,0,2.17667,4.65818,1.97547,0,1.2948,0,1.10871,1.30673,1.38646,0,0,3.68347,0,0,2.4472,2.24495,0,0,0,2.30956,0,0,0.941425,1.57309,1.59183,2.74752,2.10673,0,0,0,1.7916,3.45141,1.26867,0,0,1.55618,1.78612,2.41471,0,0
154,-89.300027,30.466902,grocery,49,0,0,0,0,0,0,0,0,0,0,0,0,0.6,1,0,0.65,0.85,0,0,0,0,0,0,1.15,1.15,1.15,0,0,0,0,1.95,1.85,1.85,1,1,3,1.65,1.35,3.85,3.85,1.35,0,0,0.95,0,0,0,0,0,0,1.5,0,0.8,1,1,1,0,2,2.45,2.65,1.5,1.5,2.25,2,0,1.852,2.65,0,0,0,0.5,0.4,0.5,0,0.5,0.75,0.5,2.25,0.5,1.85,2.5,1,1.25,1,1.5,1.75,0,2.75
155,-89.190487,30.331367,superstore,0,0,0,2.10667,1.46333,0,0,1.54333,0,0,1.1888,0,1.899,0,1.766,0,1.078,1.69333,0.593,1.45724,2.05333,2.227,0,3.36667,1.288,0,0,0,0,3.135,1.235,0,2.93,0,1.09377,0,1.6775,3.102,2.2348,3.948,0,3.53,1.80844,3.58,1.2432,0,0,2.11,1.94571,2.578,3.32889,2.39599,6.37936,1.2436,1.329,1.4468,1.495,1.42333,3.4,2.4276,3.8375,2.07367,0,2.96433,3.03033,2.84,1.73867,2.78518,1.9228,0,0,1.2812,0,1.19333,3.285,0,1,0,2.386,1.963,3.06933,0.687453,4.21241,0,1.107,2.3004,1.64,1.715,0
156,-89.289428,30.586567,convience,0,1.41514,0.684556,2.73405,2.07733,0,1.55785,2.00022,0,0,0,0,0,0,1.49199,0,0.784281,1.536,0,0,0,0,0,2.61525,1.786,2.466,1.736,1.66333,2.73425,0,1.5902,2.046,1.59391,2.072,1.266,0,1.496,0,1.06759,3.874,3.686,0,0,2.50936,0,0,0,0,0,0,3.59594,1.756,0,1.052,0,0.886,0,1.096,0,2.818,2.946,1.324,1.572,2.166,1.6458,0,2.366,0,0,3.076,0,0,0,0,0,1.658,0,1.272,0,0,2.18467,0,1.676,1.6338,1.136,1.516,0,0,0
157,-89.122283,30.559537,convience,0,1.44578,0.69,3.06139,0,0,2.04966,0,2.624,0,0,0,0,0.956,1.596,0,0.744618,1.656,0.682692,1.806,0,2.138,0,0,1.746,2.666,1.676,1.882,0,0,1.99,2.924,1.69657,1.872,1.562,0,0,2.576,1.30185,3.734,3.826,0,2.67293,0,1.298,0,0,0,2.316,0,0,1.772,0,1.076,0,0.904,0,0,2.08055,2.736,2.966,0,0,2.826,1.862,0,2.406,0,0,0,0,0,0,0,3.0425,1.658,0,0,2.422,2.062,1.96432,1.3748,1.556,0,1.796,0,1.97,0,3.984
158,-89.138798,30.666644,convience,0,1.32445,0,0,0,0,0,2.00022,2.624,0,0,0,0,0.956,1.596,0.586286,0.744873,1.656,0,0,0,1.734,1.87675,0,1.746,2.666,0,1.52333,2.73425,0,1.5902,2.924,1.75221,1.872,1.562,0,1.456,2.576,1.30143,3.734,3.826,0,2.75715,2.89445,1.298,0,0,1.799,0,2.17667,2.8968,1.772,0,1.076,0,0.904,1.26673,1.356,2.07655,2.736,2.966,0,0,2.826,1.862,0,0,0,0,3.076,0,0,0,1.116,3.04471,0,0,1.272,2.48111,0,1.96436,1.37147,1.556,1.5358,1.796,1.508,1.97,1.2012,0
159,-89.121774,30.622744,convience,0,1.31668,0,0,0,0,1.98926,0,2.624,0,0,0,2.31,0.956,1.596,0,0,1.656,0,0,0,2.138,2.118,0,1.746,2.666,1.676,1.482,0,0,1.99,2.924,2.15944,1.872,1.562,1.46,1.456,2.576,0,3.734,3.826,0,2.72657,2.89445,0,3.644,0,0,0,0,0,1.772,0,1.076,0,0.904,1.292,0,0,2.736,2.966,1.404,0,2.826,1.862,0,2.406,2.61147,2.436,3.076,1.83743,1.02652,1.036,0,3.04358,0,0,0,0,0,1.96427,1.43098,1.556,1.696,1.796,1.508,1.97,1.182,3.984
160,-89.231492,30.544766,convience,56,0,0,0,0,0,0,0,0,0,0,0,0,0.6,1.35,0.56,0.65,2,0,0,0,0,0,2.5,1.15,2.85,1.25,0,0,0,0,1.95,1,1.85,1.95,1.34,1,3,1,3.85,3.85,2.75,0,0.35,1.15,3.95,2.75,0,0,0,3.5,1.9,7.84,0.8,1,0.67,0,1.1,0.14,2.45,2.65,0,0,0.75,1.85,0,1.95,2.65,1.9,4,0,0,0.5,0.5,3,0.5,0.75,0.5,2.25,0.5,1.95,2.5,1,1.25,1,1.5,1.75,0,8.64
161,-89.192453,30.571688,convience,0,1.54421,0,0,0,3.098,1.91277,0,0,0,1.72371,0,0,0.875743,1.55431,0,0.744776,1.65795,0.682692,0,0,2.138,0,2.43215,1.746,2.666,1.676,0,0,0,0,2.924,1.59767,0,1.56229,0,0,2.576,1.30154,3.994,3.826,3.836,0,0,0,3.644,0,1.65,2.316,0,2.89673,1.772,5.9775,1.076,0,0.904,1.30673,0,0.901829,2.736,2.966,0,1.592,2.826,1.86177,2.873,2.406,2.60644,2.436,0,0,0.826115,1.036,1.116,0,0,1.186,0,2.422,0,1.96492,2.05283,1.556,0,1.796,0,1.97,0,3.984
162,-89.251479,30.54476,convience,0,0,0.69,0,0,0,0,0,0,1.522,1.72371,0,0,0.740661,1.48766,0.842,0.745249,1.88283,0,1.806,1.85929,0,0,2.48943,1.846,2.566,0,0,2.808,0,1.99,2.962,1.58071,2.012,1.59569,1.46,0,2.60719,1.34549,3.874,3.766,0,0,0,1.298,3.324,0,0,0,0,3.01865,0,0,1.052,1.19059,0,1.30673,1.356,0.455499,2.838,0,1.324,1.572,2.666,1.78973,2.873,2.466,0,2.598,3.076,1.68486,0.825272,0,1.116,3.04595,0,1.346,1.52,2.422,1.742,2.34434,2.33457,0,1.794,1.756,1.508,1.97,1.2212,0
163,-89.38782,30.302714,convience,0,0,0,0,0,2.61556,1.39193,1.92022,0,0,1.72371,1.63463,0,1.58629,1.67229,0,1.22368,2.82052,0,0,0,2.186,0,0,2.07,2.57,2.27,0,2.57225,0,0,2.57,2.75387,0,1.54269,1.569,1.432,2.87731,1.68496,4.722,4.454,0,2.37311,4.48165,0,0,0,0,2.316,0,4.3505,2.03,0,1.324,0,0,1.30673,0,0,3.492,3.73,0,1.61,0,2.59289,0,3.23,2.62069,2.726,3.0616,0,0,0,1.87,2.66163,2.10673,2.79,1.80382,2.40111,2.032,3.2175,0.975091,0,2.1698,1.802,0,2.51,0,2.90154
164,-89.380023,30.305554,superstore,65,1.5,0,2.75,2,2,0.67,0,0,0,0,0.67,3,0.6,2,0.6,0.65,1.25,0.55,0,0,0,0,0,1.15,2.85,1.25,0,0,0,0,1.95,1.95,1.75,0.5,1,1,1.65,1,3.85,3.85,2.75,0,0,0.85,3,0,0,0,0,3.25,1.9,6.38,0.8,1.75,0.75,0.6,1.1,2,1,2.65,1.5,1.5,2.25,3.35,0,1.85,3,1,2,1.793571,0.5,0.5,0.5,0,0.5,0.75,0.5,2.25,0.5,1.85,0.4,1,1.25,1,1.5,1.75,0,2.75
165,-89.45105,30.27248,convience,34,0,0,0,0,0,0,0,0,0,0,0,0,0,1.79,1.59,0,1.69,0,0,0,0,0,0,1.79,3.09,2.79,0,0,0,0,0,0,1.69,0.99,0,0.89,0,1.05,5.25,5.25,0,0,0,1.19,0,0,0,0,0,1.79,0,0,1.29,0,1.39,0,0,3.89,2.89,1.99,1.19,1.29,3.09,1.99,0,2.99,0,0,0,0,0,0.99,1.09,0,0,0.99,1.29,0,0,2.05,0.85,0,0,1.69,1.99,1.79,1.09,0
166,-89.37841,30.30546,convience,66,2.24,0,0,0,1.43,2.19,1.59,2.56,0.72,1.09,0.674,1.09,1.69,1.49,0,0.89,3.99,0,0,0,3.89,3.09,2.39,2.99,3.29,3.19,3.99,2.98,3.99,3.69,3.99,3.39,2.29,2.29,0,0,2.79,3.29,5.49,5.49,0,0,5.99,1.69,3.99,1.69,0.99,0,0,7.99,1.29,0,1.29,1.19,1.09,0,0,0,3.79,3.99,1.19,1.19,2.89,2.99,0,3.99,2.59,3.99,0,2.09,1.29,0,1.69,1.69,1.69,1.69,1.69,1.69,1.69,1.69,0.99,1.99,2.69,1.49,2.09,3.59,0,0
167,-89.37802,30.30781,convience,25,0,0,0,0,0,0,0,0,0,0,0,0,0,1.85,2.25,2.05,2.99,0,0,0,0,0,0,2.89,3.09,2.79,0,0,0,0,1.69,0,2.65,1.45,0,0,1.69,1.69,0,4.05,0,0,0,1.09,0,0,0,0,0,0,2.69,0,1.79,0,0,0,2.55,3.79,0,5.69,0,0,0,2.59,0,0,0,3.35,0,0,0.85,0,0,0,0,0,0,0,0,7.95,1.05,0,0,2.15,0,0,0,0
169,-88.97466,30.4001,superstore,85,0.98,1,1.58,0,0.75,1.07,0.89,2.88,0.98,0.88,1.68,0.69,0.87,1.72,0,0.58,1.33,0.34,1.46,0.98,0.98,0.99,1.82,0.79,1.34,2.48,1.38,1.5,2.28,0.58,1.78,2.63,1.74,0.95,1.48,0.93,3.18,1,3.28,3.28,3.89,1.76,3.88,1.12,2.5,0.98,2.53,1.86,2.58,2.5,1.64,6.38,0.72,0.66,0.66,1.13,0.78,4.18,1.32,2.82,0.91,0.91,2.78,1.66,2.34,1.78,2.48,1.82,1.88,1.793571,0.56,0.52,0.63,2,0.5,1.26,1.15,1.36,1.88,1.92,0.38,4.64,0,0.67,1.29,1.68,1.24,3.71
168,-88.52604,30.36825,convience,0,0,0,0,0,0,0,0,0,0,0,0,0,0,0,2.25,2.05,2.99,0,0,0,0,0,0,2.89,3.09,2.79,0,0,0,0,0,1.78,2.65,1.45,0,0,1.69,0,4.05,4.05,0,0,0,1.09,0,0,0,0,0,0,2.69,0,1.79,0,0,0,2.55,3.79,0,5.69,0,0,0,2.59,0,0,0,0,0,0.85,0,0,0,0,0,0,0,0,0,7.95,1.05,0,0,2.15,0,0,0,0
